fator,categoria,referencia,tipo,coeficiente,erro_padrao,razao_de_chances,ic95_inf,ic95_sup,p_valor,n_celulas,n_respondentes,remotos,dispersao_pearson
safra,2023,2022,termo,-0.1026,0.0259,0.9025,0.8578,0.9496,7.714537270244883E-5,110,204387,83426,5.04
safra,2024,2022,termo,-0.2245,0.0288,0.7989,0.755,0.8454,6.820311037694943E-15,110,204387,83426,5.04
safra,2025,2022,termo,-0.1936,0.037,0.824,0.7664,0.8859,1.611549413740752E-7,110,204387,83426,5.04
vinculo,Ambos,Empregado,termo,0.5946,0.0398,1.8123,1.6765,1.9592,1.4524913140174547E-50,110,204387,83426,5.04
vinculo,Autônomo,Empregado,termo,1.264,0.0349,3.5397,3.3053,3.7906,1.6292286125839673E-286,110,204387,83426,5.04
faixa_experiencia,11–20,0–2,termo,0.5554,0.0644,1.7426,1.536,1.977,6.4254396753864125E-18,110,204387,83426,5.04
faixa_experiencia,21+,0–2,termo,0.6337,0.0652,1.8846,1.6584,2.1417,2.666339478308101E-22,110,204387,83426,5.04
faixa_experiencia,3–5,0–2,termo,0.1903,0.0686,1.2096,1.0574,1.3836,0.005530055448775602,110,204387,83426,5.04
faixa_experiencia,6–10,0–2,termo,0.3205,0.0648,1.3778,1.2134,1.5643,7.61227283280895E-7,110,204387,83426,5.04
brasil,Brasil,fora do Brasil,termo,1.0034,0.0654,2.7275,2.3996,3.1002,3.3623903708473827E-53,110,204387,83426,5.04
safra,2023,2022,contraste,-0.1026,0.0259,0.9025,0.8578,0.9496,7.714537270244883E-5,110,204387,83426,5.04
safra,2024,2023,contraste,-0.1219,0.0275,0.8852,0.8388,0.9342,9.200246506563727E-6,110,204387,83426,5.04
safra,2025,2024,contraste,0.0309,0.038,1.0314,0.9573,1.1112,0.41634842147334095,110,204387,83426,5.04
safra,2024,2022,contraste,-0.2245,0.0288,0.7989,0.755,0.8454,6.820311037694943E-15,110,204387,83426,5.04
