safra,classificacao_duplos,vinculo,trabalhando,respondentes_duplos,nulos_arranjo,pct_nulo_arranjo,n_serie_comparavel,remotos,pct_remoto,ic95_inf,ic95_sup,peso_vinculo,pct_remoto_padronizado_2024,remoto_limite_inf_nulos,remoto_limite_sup_nulos
2024,duplos como Autônomo,Autônomo,10726,4679,23,0.2,10703,6333,59.2,58.2,60.1,19.5,,,
2024,duplos como Autônomo,Empregado,44122,0,19,0.0,44103,14498,32.9,32.4,33.3,80.5,,,
2024,duplos como Empregado,Autônomo,6047,0,21,0.3,6026,3984,66.1,64.9,67.3,11.0,,,
2024,duplos como Empregado,Empregado,48801,4679,21,0.0,48780,16847,34.5,34.1,35.0,89.0,,,
2025,duplos como Empregado,Empregado,33750,0,3624,10.7,26490,9185,34.7,34.1,35.2,93.1,,,
2023,duplos como Autônomo,Autônomo,13988,5570,19,0.1,13969,8429,60.3,59.5,61.1,18.9,,,
2022,duplos como Empregado,Autônomo,6164,0,25,0.4,6139,4104,66.9,65.7,68.0,10.4,,,
2022,duplos como Autônomo,Autônomo,10721,4557,28,0.3,10693,6517,60.9,60.0,61.9,18.1,,,
2023,duplos como Empregado,Autônomo,8418,0,19,0.2,8399,5571,66.3,65.3,67.3,11.4,,,
2025,duplos como Autônomo,Empregado,33750,0,3624,10.7,26490,9185,34.7,34.1,35.2,93.1,,,
2025,duplos como Empregado,Autônomo,6708,0,4381,65.3,1966,1390,70.7,68.7,72.7,6.9,,,
2025,duplos como Autônomo,Autônomo,6708,0,4381,65.3,1966,1390,70.7,68.7,72.7,6.9,,,
2022,duplos como Empregado,Empregado,52834,4557,15,0.0,52819,21237,40.2,39.8,40.6,89.6,,,
2023,duplos como Autônomo,Empregado,59848,0,7,0.0,59841,22137,37.0,36.6,37.4,81.1,,,
2022,duplos como Autônomo,Empregado,48277,0,12,0.0,48265,18824,39.0,38.6,39.4,81.9,,,
2023,duplos como Empregado,Empregado,65418,5570,7,0.0,65411,24995,38.2,37.8,38.6,88.6,,,
2024,duplos como Empregado,Todos,54848,4679,42,0.1,54806,20831,38.0,37.6,38.4,,38.0,38.0,38.1
2022,duplos como Empregado,Todos,58998,4557,40,0.1,58958,25341,43.0,42.6,43.4,,43.1,43.0,43.0
2023,duplos como Empregado,Todos,73836,5570,26,0.0,73810,30566,41.4,41.1,41.8,,41.3,41.4,41.4
2024,duplos como Autônomo,Todos,54848,4679,42,0.1,54806,20831,38.0,37.6,38.4,,38.0,38.0,38.1
2025,duplos como Empregado,Todos,40458,0,8005,19.8,28456,10575,37.2,36.6,37.7,,38.6,29.0,51.0
2023,duplos como Autônomo,Todos,73836,5570,26,0.0,73810,30566,41.4,41.1,41.8,,41.6,41.4,41.4
2022,duplos como Autônomo,Todos,58998,4557,40,0.1,58958,25341,43.0,42.6,43.4,,43.3,43.0,43.0
2025,duplos como Autônomo,Todos,40458,0,8005,19.8,28456,10575,37.2,36.6,37.7,,41.7,29.0,51.0
