nivel,uf_sigla,territorio,regiao,cenario,metodo,taxa_pct,taxa_cv_classificacao,taxa_cv_pct,proxy_mil,estimativa_mil,estimativa_ic95_inf_mil,estimativa_ic95_sup_mil,teto_logico_mil,excede_teto_logico
uf,RO,Rondônia,Norte,B,taxa da UF × proxy da UF,7.2,Boa,9.3,62.0,4.5,3.7,5.3,59.0,false
uf,AC,Acre,Norte,B,taxa da UF × proxy da UF,10.4,Boa,9.5,29.0,3.0,2.5,3.6,33.0,false
uf,AM,Amazonas,Norte,A,taxa da UF × proxy da UF,3.7,Razoável,15.4,130.0,4.8,3.4,6.3,84.0,false
uf,RR,Roraima,Norte,A,taxa da UF × proxy da UF,3.2,Razoável,18.0,22.0,0.7,0.5,1.0,12.0,false
uf,PA,Pará,Norte,B,taxa da UF × proxy da UF,6.3,Boa,8.0,236.0,14.9,12.5,17.2,238.0,false
uf,AP,Amapá,Norte,B,taxa da UF × proxy da UF,4.4,Razoável,17.0,26.0,1.1,0.8,1.5,16.0,false
uf,TO,Tocantins,Norte,B,taxa da UF × proxy da UF,5.3,Boa,9.3,50.0,2.7,2.2,3.1,39.0,false
uf,MA,Maranhão,Nordeste,B,taxa da UF × proxy da UF,7.9,Boa,6.2,140.0,11.1,9.7,12.4,201.0,false
uf,PI,Piauí,Nordeste,B,taxa da UF × proxy da UF,7.2,Boa,12.2,116.0,8.4,6.4,10.3,90.0,false
uf,CE,Ceará,Nordeste,A,taxa da UF × proxy da UF,5.0,Boa,7.7,313.0,15.7,13.3,18.0,282.0,false
uf,RN,Rio Grande do Norte,Nordeste,A,taxa da UF × proxy da UF,6.4,Boa,11.3,123.0,7.9,6.1,9.6,122.0,false
uf,PB,Paraíba,Nordeste,A,taxa da UF × proxy da UF,5.3,Boa,9.9,125.0,6.6,5.3,7.9,115.0,false
uf,PE,Pernambuco,Nordeste,A,taxa da UF × proxy da UF,5.6,Boa,8.4,355.0,19.9,16.6,23.2,271.0,false
uf,AL,Alagoas,Nordeste,A,taxa da UF × proxy da UF,4.6,Boa,10.3,97.0,4.5,3.6,5.4,73.0,false
uf,SE,Sergipe,Nordeste,B,taxa da UF × proxy da UF,7.8,Boa,8.0,87.0,6.8,5.7,7.9,73.0,false
uf,BA,Bahia,Nordeste,B,taxa da UF × proxy da UF,7.3,Boa,8.6,488.0,35.6,29.6,41.6,430.0,false
uf,MG,Minas Gerais,Sudeste,B,taxa da UF × proxy da UF,7.3,Boa,6.0,1041.0,76.0,67.1,84.9,740.0,false
uf,ES,Espírito Santo,Sudeste,B,taxa da UF × proxy da UF,8.4,Boa,7.0,212.0,17.8,15.4,20.3,164.0,false
uf,RJ,Rio de Janeiro,Sudeste,A,taxa da UF × proxy da UF,10.2,Ótima,4.4,1300.0,132.6,121.2,144.0,979.0,false
uf,SP,São Paulo,Sudeste,A,taxa da UF × proxy da UF,11.6,Ótima,4.1,3825.0,443.7,408.0,479.4,3184.0,false
uf,PR,Paraná,Sul,B,taxa da UF × proxy da UF,9.8,Ótima,4.9,636.0,62.3,56.3,68.3,559.0,false
uf,SC,Santa Catarina,Sul,B,taxa da UF × proxy da UF,9.7,Ótima,4.2,484.0,46.9,43.1,50.8,378.0,false
uf,RS,Rio Grande do Sul,Sul,B,taxa da UF × proxy da UF,9.9,Ótima,4.7,706.0,69.9,63.5,76.3,569.0,false
uf,MS,Mato Grosso do Sul,Centro-Oeste,A,taxa da UF × proxy da UF,5.9,Boa,7.7,145.0,8.6,7.3,9.8,105.0,false
uf,MT,Mato Grosso,Centro-Oeste,B,taxa da UF × proxy da UF,7.3,Boa,7.2,169.0,12.3,10.6,14.1,126.0,false
uf,GO,Goiás,Centro-Oeste,A,taxa da UF × proxy da UF,4.9,Boa,8.1,372.0,18.2,15.3,21.1,231.0,false
uf,DF,Distrito Federal,Centro-Oeste,A,taxa da UF × proxy da UF,16.7,Boa,6.3,316.0,52.8,46.3,59.3,288.0,false
uf,RO,Rondônia,Norte,A,taxa da UF × proxy da UF,4.1,Boa,13.2,62.0,2.5,1.9,3.2,59.0,false
uf,AC,Acre,Norte,A,taxa da UF × proxy da UF,4.4,Boa,13.5,29.0,1.3,0.9,1.6,33.0,false
uf,AM,Amazonas,Norte,B,taxa da UF × proxy da UF,4.8,Boa,12.9,130.0,6.2,4.7,7.8,84.0,false
uf,RR,Roraima,Norte,B,taxa da UF × proxy da UF,5.0,Boa,12.3,22.0,1.1,0.8,1.4,12.0,false
uf,PA,Pará,Norte,A,taxa da UF × proxy da UF,4.4,Boa,9.4,236.0,10.4,8.5,12.3,238.0,false
uf,AP,Amapá,Norte,A,taxa da UF × proxy da UF,3.4,Razoável,20.8,26.0,0.9,0.5,1.2,16.0,false
uf,TO,Tocantins,Norte,A,taxa da UF × proxy da UF,3.5,Boa,12.0,50.0,1.8,1.3,2.2,39.0,false
uf,MA,Maranhão,Nordeste,A,taxa da UF × proxy da UF,4.4,Boa,8.1,140.0,6.2,5.2,7.1,201.0,false
uf,PI,Piauí,Nordeste,A,taxa da UF × proxy da UF,5.0,Razoável,15.6,116.0,5.8,4.0,7.6,90.0,false
uf,CE,Ceará,Nordeste,B,taxa da UF × proxy da UF,7.7,Boa,6.2,313.0,24.1,21.2,27.0,282.0,false
uf,RN,Rio Grande do Norte,Nordeste,B,taxa da UF × proxy da UF,9.0,Boa,9.6,123.0,11.1,9.0,13.2,122.0,false
uf,PB,Paraíba,Nordeste,B,taxa da UF × proxy da UF,7.7,Boa,7.8,125.0,9.6,8.2,11.1,115.0,false
uf,PE,Pernambuco,Nordeste,B,taxa da UF × proxy da UF,7.4,Boa,6.9,355.0,26.3,22.7,29.8,271.0,false
uf,AL,Alagoas,Nordeste,B,taxa da UF × proxy da UF,6.0,Boa,8.3,97.0,5.8,4.9,6.8,73.0,false
uf,SE,Sergipe,Nordeste,A,taxa da UF × proxy da UF,5.4,Boa,11.3,87.0,4.7,3.7,5.7,73.0,false
uf,BA,Bahia,Nordeste,A,taxa da UF × proxy da UF,5.4,Boa,10.3,488.0,26.4,21.0,31.7,430.0,false
uf,MG,Minas Gerais,Sudeste,A,taxa da UF × proxy da UF,5.8,Boa,7.4,1041.0,60.4,51.6,69.1,740.0,false
uf,ES,Espírito Santo,Sudeste,A,taxa da UF × proxy da UF,7.1,Boa,7.9,212.0,15.1,12.7,17.4,164.0,false
uf,RJ,Rio de Janeiro,Sudeste,B,taxa da UF × proxy da UF,12.5,Ótima,3.8,1300.0,162.5,150.4,174.6,979.0,false
uf,SP,São Paulo,Sudeste,B,taxa da UF × proxy da UF,13.8,Ótima,3.6,3825.0,527.9,490.6,565.1,3184.0,false
uf,PR,Paraná,Sul,A,taxa da UF × proxy da UF,7.0,Boa,6.1,636.0,44.5,39.2,49.8,559.0,false
uf,SC,Santa Catarina,Sul,A,taxa da UF × proxy da UF,6.5,Ótima,5.0,484.0,31.5,28.4,34.5,378.0,false
uf,RS,Rio Grande do Sul,Sul,A,taxa da UF × proxy da UF,8.4,Boa,5.3,706.0,59.3,53.1,65.5,569.0,false
uf,MS,Mato Grosso do Sul,Centro-Oeste,B,taxa da UF × proxy da UF,7.5,Boa,6.9,145.0,10.9,9.4,12.3,105.0,false
uf,MT,Mato Grosso,Centro-Oeste,A,taxa da UF × proxy da UF,4.1,Boa,8.3,169.0,6.9,5.8,8.1,126.0,false
uf,GO,Goiás,Centro-Oeste,B,taxa da UF × proxy da UF,6.4,Boa,6.9,372.0,23.8,20.6,27.0,231.0,false
uf,DF,Distrito Federal,Centro-Oeste,B,taxa da UF × proxy da UF,18.8,Boa,5.9,316.0,59.4,52.5,66.3,288.0,false
pais,BR,Brasil,,B,soma das estimativas por UF,,,,11605.0,1241.9,1123.8,1360.1,9462.0,false
pais,BR,Brasil,,A,soma das estimativas por UF,,,,11605.0,993.3,884.7,1102.0,9462.0,false
pais,BR,Brasil,,A,taxa nacional × proxy do Brasil (soma das UFs),7.7,Ótima,1.9,11605.0,893.6,860.3,926.9,9462.0,false
pais,BR,Brasil,,B,taxa nacional × proxy do Brasil (soma das UFs),9.8,Ótima,1.6,11605.0,1137.3,1101.6,1173.0,9462.0,false
pais,BR,Brasil,,C,"taxa da pesquisa (Brasil, 2022) × proxy do Brasil",88.92,,,11605.0,10319.7,,,9462.0,true
