safra,base,arranjo,ordem,entra_serie_historica,respondentes,n_informados,pct_sobre_informados,n_serie_comparavel,pct_serie_comparavel,ic95_inf,ic95_sup
2022,todos_informados,Presencial,3,true,8596,58958,14.6,58958,14.6,14.3,14.9
2022,todos_informados,Remoto,1,true,25341,58958,43.0,58958,43.0,42.6,43.4
2022,todos_informados,Híbrido,2,true,25021,58958,42.4,58958,42.4,42.0,42.8
2022,trabalhando,Presencial,3,true,8596,58958,14.6,58958,14.6,14.3,14.9
2022,trabalhando,Remoto,1,true,25341,58958,43.0,58958,43.0,42.6,43.4
2022,trabalhando,Híbrido,2,true,25021,58958,42.4,58958,42.4,42.0,42.8
2023,todos_informados,Presencial,3,true,12113,73810,16.4,73810,16.4,16.1,16.7
2023,todos_informados,Híbrido,2,true,31131,73810,42.2,73810,42.2,41.8,42.5
2023,todos_informados,Remoto,1,true,30566,73810,41.4,73810,41.4,41.1,41.8
2023,trabalhando,Presencial,3,true,12113,73810,16.4,73810,16.4,16.1,16.7
2023,trabalhando,Híbrido,2,true,31131,73810,42.2,73810,42.2,41.8,42.5
2023,trabalhando,Remoto,1,true,30566,73810,41.4,73810,41.4,41.1,41.8
2024,todos_informados,Remoto,1,true,20831,54806,38.0,54806,38.0,37.6,38.4
2024,todos_informados,Presencial,3,true,10960,54806,20.0,54806,20.0,19.7,20.3
2024,todos_informados,Híbrido,2,true,23015,54806,42.0,54806,42.0,41.6,42.4
2024,trabalhando,Remoto,1,true,20831,54806,38.0,54806,38.0,37.6,38.4
2024,trabalhando,Presencial,3,true,10960,54806,20.0,54806,20.0,19.7,20.3
2024,trabalhando,Híbrido,2,true,23015,54806,42.0,54806,42.0,41.6,42.4
2025,todos_informados,Presencial,3,true,6042,33780,17.9,29536,20.5,20.0,20.9
2025,todos_informados,Remoto,1,true,10931,33780,32.4,29536,37.0,36.5,37.6
2025,todos_informados,Híbrido,2,true,12563,33780,37.2,29536,42.5,42.0,43.1
2025,todos_informados,Flexível,4,false,4244,33780,12.6,29536,,,
2025,trabalhando,Presencial,3,true,5685,32453,17.5,28456,20.0,19.5,20.4
2025,trabalhando,Remoto,1,true,10575,32453,32.6,28456,37.2,36.6,37.7
2025,trabalhando,Híbrido,2,true,12196,32453,37.6,28456,42.9,42.3,43.4
2025,trabalhando,Flexível,4,false,3997,32453,12.3,28456,,,
