origem,destino,tipo_entidade,id_entidade,primeiro_evento,ultimo_evento,eventos
mafia_office.silver.so_de_para_arranjo,mafia_office.gold.dim_arranjo_trabalho,JOB,396676034535354,2026-09-27T18:43:25.678Z,2026-09-27T18:43:25.678Z,1
mafia_office.silver.ibge_ocupados_uf_atividade,mafia_office.gold.dim_atividade_economica,JOB,396676034535354,2026-09-27T18:43:38.041Z,2026-09-27T18:43:38.041Z,1
mafia_office.silver.ibge_ocupados_uf_atividade,mafia_office.gold.dim_geografia,JOB,396676034535354,2026-09-27T18:43:22.785Z,2026-09-27T18:43:22.785Z,1
mafia_office.silver.ibge_teletrabalho_uf,mafia_office.gold.dim_geografia,JOB,396676034535354,2026-09-27T18:43:22.785Z,2026-09-27T18:43:22.785Z,1
mafia_office.silver.so_respondente,mafia_office.gold.dim_geografia,JOB,396676034535354,2026-09-27T18:43:22.785Z,2026-09-27T18:43:22.785Z,1
mafia_office.silver.ibge_teletrabalho_uf,mafia_office.gold.dim_modalidade_ibge,JOB,396676034535354,2026-09-27T18:43:34.977Z,2026-09-27T18:43:34.977Z,1
mafia_office.silver.so_respondente,mafia_office.gold.dim_perfil_dev,JOB,396676034535354,2026-09-27T18:43:32.184Z,2026-09-27T18:43:32.184Z,1
mafia_office.silver.ibge_ocupados_uf_atividade,mafia_office.gold.dim_periodo,JOB,396676034535354,2026-09-27T18:43:19.116Z,2026-09-27T18:43:19.116Z,1
mafia_office.silver.ibge_teletrabalho_uf,mafia_office.gold.dim_periodo,JOB,396676034535354,2026-09-27T18:43:19.116Z,2026-09-27T18:43:19.116Z,1
mafia_office.silver.so_respondente,mafia_office.gold.dim_periodo,JOB,396676034535354,2026-09-27T18:43:19.116Z,2026-09-27T18:43:19.116Z,1
mafia_office.gold.dim_atividade_economica,mafia_office.gold.fato_ocupacao_uf_atividade,JOB,396676034535354,2026-09-27T18:44:10.310Z,2026-09-27T18:44:10.310Z,1
mafia_office.gold.dim_geografia,mafia_office.gold.fato_ocupacao_uf_atividade,JOB,396676034535354,2026-09-27T18:44:10.310Z,2026-09-27T18:44:10.310Z,1
mafia_office.gold.dim_periodo,mafia_office.gold.fato_ocupacao_uf_atividade,JOB,396676034535354,2026-09-27T18:44:10.310Z,2026-09-27T18:44:10.310Z,1
mafia_office.silver.ibge_ocupados_uf_atividade,mafia_office.gold.fato_ocupacao_uf_atividade,JOB,396676034535354,2026-09-27T18:44:10.310Z,2026-09-27T18:44:10.310Z,1
mafia_office.gold.dim_arranjo_trabalho,mafia_office.gold.fato_resposta_pesquisa,JOB,396676034535354,2026-09-27T18:44:04.096Z,2026-09-27T18:44:04.096Z,1
mafia_office.gold.dim_geografia,mafia_office.gold.fato_resposta_pesquisa,JOB,396676034535354,2026-09-27T18:44:04.096Z,2026-09-27T18:44:04.096Z,1
mafia_office.gold.dim_perfil_dev,mafia_office.gold.fato_resposta_pesquisa,JOB,396676034535354,2026-09-27T18:44:04.096Z,2026-09-27T18:44:04.096Z,1
mafia_office.gold.dim_periodo,mafia_office.gold.fato_resposta_pesquisa,JOB,396676034535354,2026-09-27T18:44:04.096Z,2026-09-27T18:44:04.096Z,1
mafia_office.gold.dim_porte_empresa,mafia_office.gold.fato_resposta_pesquisa,JOB,396676034535354,2026-09-27T18:44:04.096Z,2026-09-27T18:44:04.096Z,1
mafia_office.silver.so_respondente,mafia_office.gold.fato_resposta_pesquisa,JOB,396676034535354,2026-09-27T18:44:04.096Z,2026-09-27T18:44:04.096Z,1
mafia_office.gold.dim_geografia,mafia_office.gold.fato_teletrabalho_uf,JOB,396676034535354,2026-09-27T18:44:07.240Z,2026-09-27T18:44:07.240Z,1
mafia_office.gold.dim_modalidade_ibge,mafia_office.gold.fato_teletrabalho_uf,JOB,396676034535354,2026-09-27T18:44:07.240Z,2026-09-27T18:44:07.240Z,1
mafia_office.gold.dim_periodo,mafia_office.gold.fato_teletrabalho_uf,JOB,396676034535354,2026-09-27T18:44:07.240Z,2026-09-27T18:44:07.240Z,1
mafia_office.silver.ibge_teletrabalho_uf,mafia_office.gold.fato_teletrabalho_uf,JOB,396676034535354,2026-09-27T18:44:07.240Z,2026-09-27T18:44:07.240Z,1
mafia_office.gold.fato_ocupacao_uf_atividade,mafia_office.gold.verificacoes_qualidade,JOB,396676034535354,2026-09-27T18:44:31.544Z,2026-09-27T18:44:31.544Z,1
mafia_office.gold.fato_resposta_pesquisa,mafia_office.gold.verificacoes_qualidade,JOB,396676034535354,2026-09-27T18:44:31.544Z,2026-09-27T18:44:31.544Z,1
mafia_office.gold.fato_teletrabalho_uf,mafia_office.gold.verificacoes_qualidade,JOB,396676034535354,2026-09-27T18:44:31.544Z,2026-09-27T18:44:31.544Z,1
mafia_office.silver.ibge_ocupados_uf_atividade,mafia_office.gold.verificacoes_qualidade,JOB,396676034535354,2026-09-27T18:44:31.544Z,2026-09-27T18:44:31.544Z,1
mafia_office.silver.ibge_teletrabalho_uf,mafia_office.gold.verificacoes_qualidade,JOB,396676034535354,2026-09-27T18:44:31.544Z,2026-09-27T18:44:31.544Z,1
mafia_office.silver.so_respondente,mafia_office.gold.verificacoes_qualidade,JOB,396676034535354,2026-09-27T18:44:31.544Z,2026-09-27T18:44:31.544Z,1
mafia_office.gold.fato_ocupacao_uf_atividade,mafia_office.gold.verificacoes_qualidade_historico,JOB,396676034535354,2026-09-27T18:44:14.074Z,2026-09-27T18:44:21.925Z,2
mafia_office.gold.fato_resposta_pesquisa,mafia_office.gold.verificacoes_qualidade_historico,JOB,396676034535354,2026-09-27T18:44:14.074Z,2026-09-27T18:44:21.925Z,2
mafia_office.gold.fato_teletrabalho_uf,mafia_office.gold.verificacoes_qualidade_historico,JOB,396676034535354,2026-09-27T18:44:14.074Z,2026-09-27T18:44:21.925Z,2
mafia_office.silver.ibge_ocupados_uf_atividade,mafia_office.gold.verificacoes_qualidade_historico,JOB,396676034535354,2026-09-27T18:44:14.074Z,2026-09-27T18:44:21.925Z,2
mafia_office.silver.ibge_teletrabalho_uf,mafia_office.gold.verificacoes_qualidade_historico,JOB,396676034535354,2026-09-27T18:44:14.074Z,2026-09-27T18:44:21.925Z,2
mafia_office.silver.so_respondente,mafia_office.gold.verificacoes_qualidade_historico,JOB,396676034535354,2026-09-27T18:44:14.074Z,2026-09-27T18:44:21.925Z,2
mafia_office.gold.dim_arranjo_trabalho,mafia_office.gold.vw_q1_evolucao_arranjo,JOB,396676034535354,2026-09-27T18:45:25.333Z,2026-09-27T18:45:31.251Z,3
mafia_office.gold.dim_periodo,mafia_office.gold.vw_q1_evolucao_arranjo,JOB,396676034535354,2026-09-27T18:45:25.333Z,2026-09-27T18:45:31.251Z,3
mafia_office.gold.fato_resposta_pesquisa,mafia_office.gold.vw_q1_evolucao_arranjo,JOB,396676034535354,2026-09-27T18:45:25.333Z,2026-09-27T18:45:31.251Z,3
mafia_office.gold.dim_arranjo_trabalho,mafia_office.gold.vw_q1_remoto_por_vinculo,JOB,396676034535354,2026-09-27T18:45:33.619Z,2026-09-27T18:45:36.565Z,2
mafia_office.gold.dim_periodo,mafia_office.gold.vw_q1_remoto_por_vinculo,JOB,396676034535354,2026-09-27T18:45:33.619Z,2026-09-27T18:45:36.565Z,2
mafia_office.gold.fato_resposta_pesquisa,mafia_office.gold.vw_q1_remoto_por_vinculo,JOB,396676034535354,2026-09-27T18:45:33.619Z,2026-09-27T18:45:36.565Z,2
mafia_office.gold.dim_arranjo_trabalho,mafia_office.gold.vw_q2_arranjo_por_porte,JOB,396676034535354,2026-09-27T18:45:40.294Z,2026-09-27T18:45:42.664Z,2
mafia_office.gold.dim_periodo,mafia_office.gold.vw_q2_arranjo_por_porte,JOB,396676034535354,2026-09-27T18:45:40.294Z,2026-09-27T18:45:42.664Z,2
mafia_office.gold.dim_porte_empresa,mafia_office.gold.vw_q2_arranjo_por_porte,JOB,396676034535354,2026-09-27T18:45:40.294Z,2026-09-27T18:45:42.664Z,2
mafia_office.gold.fato_resposta_pesquisa,mafia_office.gold.vw_q2_arranjo_por_porte,JOB,396676034535354,2026-09-27T18:45:40.294Z,2026-09-27T18:45:42.664Z,2
mafia_office.gold.dim_arranjo_trabalho,mafia_office.gold.vw_q3_brasil_x_resto_mundo,JOB,396676034535354,2026-09-27T18:45:44.690Z,2026-09-27T18:45:50.079Z,3
mafia_office.gold.dim_geografia,mafia_office.gold.vw_q3_brasil_x_resto_mundo,JOB,396676034535354,2026-09-27T18:45:44.690Z,2026-09-27T18:45:50.079Z,3
mafia_office.gold.dim_periodo,mafia_office.gold.vw_q3_brasil_x_resto_mundo,JOB,396676034535354,2026-09-27T18:45:44.690Z,2026-09-27T18:45:50.079Z,3
mafia_office.gold.fato_resposta_pesquisa,mafia_office.gold.vw_q3_brasil_x_resto_mundo,JOB,396676034535354,2026-09-27T18:45:44.690Z,2026-09-27T18:45:50.079Z,3
mafia_office.gold.dim_arranjo_trabalho,mafia_office.gold.vw_q4_perfil_remoto,JOB,396676034535354,2026-09-27T18:45:52.053Z,2026-09-27T18:45:59.429Z,4
mafia_office.gold.dim_perfil_dev,mafia_office.gold.vw_q4_perfil_remoto,JOB,396676034535354,2026-09-27T18:45:52.053Z,2026-09-27T18:45:59.429Z,4
mafia_office.gold.dim_periodo,mafia_office.gold.vw_q4_perfil_remoto,JOB,396676034535354,2026-09-27T18:45:52.053Z,2026-09-27T18:45:59.429Z,4
mafia_office.gold.fato_resposta_pesquisa,mafia_office.gold.vw_q4_perfil_remoto,JOB,396676034535354,2026-09-27T18:45:52.053Z,2026-09-27T18:45:59.429Z,4
mafia_office.gold.dim_arranjo_trabalho,mafia_office.gold.vw_q5_arranjo_satisfacao,JOB,396676034535354,2026-09-27T18:46:01.455Z,2026-09-27T18:46:08.066Z,3
mafia_office.gold.dim_perfil_dev,mafia_office.gold.vw_q5_arranjo_satisfacao,JOB,396676034535354,2026-09-27T18:46:01.455Z,2026-09-27T18:46:08.066Z,3
mafia_office.gold.dim_periodo,mafia_office.gold.vw_q5_arranjo_satisfacao,JOB,396676034535354,2026-09-27T18:46:01.455Z,2026-09-27T18:46:08.066Z,3
mafia_office.gold.fato_resposta_pesquisa,mafia_office.gold.vw_q5_arranjo_satisfacao,JOB,396676034535354,2026-09-27T18:46:01.455Z,2026-09-27T18:46:08.066Z,3
mafia_office.gold.dim_geografia,mafia_office.gold.vw_q6_teletrabalho_uf,JOB,396676034535354,2026-09-27T18:46:11.866Z,2026-09-27T18:46:15.662Z,3
mafia_office.gold.dim_modalidade_ibge,mafia_office.gold.vw_q6_teletrabalho_uf,JOB,396676034535354,2026-09-27T18:46:11.866Z,2026-09-27T18:46:15.662Z,3
mafia_office.gold.fato_teletrabalho_uf,mafia_office.gold.vw_q6_teletrabalho_uf,JOB,396676034535354,2026-09-27T18:46:11.866Z,2026-09-27T18:46:15.662Z,3
mafia_office.gold.dim_atividade_economica,mafia_office.gold.vw_q7_ocupacao_proxy_tecnologia_uf,JOB,396676034535354,2026-09-27T18:46:17.282Z,2026-09-27T18:46:22.375Z,3
mafia_office.gold.dim_geografia,mafia_office.gold.vw_q7_ocupacao_proxy_tecnologia_uf,JOB,396676034535354,2026-09-27T18:46:17.282Z,2026-09-27T18:46:22.375Z,3
mafia_office.gold.dim_periodo,mafia_office.gold.vw_q7_ocupacao_proxy_tecnologia_uf,JOB,396676034535354,2026-09-27T18:46:17.282Z,2026-09-27T18:46:22.375Z,3
mafia_office.gold.fato_ocupacao_uf_atividade,mafia_office.gold.vw_q7_ocupacao_proxy_tecnologia_uf,JOB,396676034535354,2026-09-27T18:46:17.282Z,2026-09-27T18:46:22.375Z,3
mafia_office.gold.dim_arranjo_trabalho,mafia_office.gold.vw_q8_mercado_brasil,JOB,396676034535354,2026-09-27T18:46:25.016Z,2026-09-27T18:46:30.089Z,2
mafia_office.gold.dim_atividade_economica,mafia_office.gold.vw_q8_mercado_brasil,JOB,396676034535354,2026-09-27T18:46:25.016Z,2026-09-27T18:46:30.089Z,2
mafia_office.gold.dim_geografia,mafia_office.gold.vw_q8_mercado_brasil,JOB,396676034535354,2026-09-27T18:46:25.016Z,2026-09-27T18:46:30.089Z,2
mafia_office.gold.dim_modalidade_ibge,mafia_office.gold.vw_q8_mercado_brasil,JOB,396676034535354,2026-09-27T18:46:25.016Z,2026-09-27T18:46:30.089Z,2
mafia_office.gold.dim_periodo,mafia_office.gold.vw_q8_mercado_brasil,JOB,396676034535354,2026-09-27T18:46:25.016Z,2026-09-27T18:46:30.089Z,2
mafia_office.gold.fato_ocupacao_uf_atividade,mafia_office.gold.vw_q8_mercado_brasil,JOB,396676034535354,2026-09-27T18:46:25.016Z,2026-09-27T18:46:30.089Z,2
mafia_office.gold.fato_resposta_pesquisa,mafia_office.gold.vw_q8_mercado_brasil,JOB,396676034535354,2026-09-27T18:46:25.016Z,2026-09-27T18:46:30.089Z,2
mafia_office.gold.fato_teletrabalho_uf,mafia_office.gold.vw_q8_mercado_brasil,JOB,396676034535354,2026-09-27T18:46:25.016Z,2026-09-27T18:46:30.089Z,2
mafia_office.bronze.ibge_sidra_5434,mafia_office.silver.ibge_ocupados_uf_atividade,JOB,396676034535354,2026-09-27T18:40:16.074Z,2026-09-27T18:40:16.074Z,1
mafia_office.bronze.ibge_sidra_9471,mafia_office.silver.ibge_teletrabalho_uf,JOB,396676034535354,2026-09-27T18:39:42.444Z,2026-09-27T18:39:42.444Z,1
mafia_office.bronze.so_esquema,mafia_office.silver.so_metadados_pergunta,JOB,396676034535354,2026-09-27T18:41:33.916Z,2026-09-27T18:41:33.916Z,1
mafia_office.bronze.so_pesquisa_2022,mafia_office.silver.so_respondente,JOB,396676034535354,2026-09-27T18:41:05.168Z,2026-09-27T18:41:05.168Z,1
mafia_office.bronze.so_pesquisa_2023,mafia_office.silver.so_respondente,JOB,396676034535354,2026-09-27T18:41:05.168Z,2026-09-27T18:41:05.168Z,1
mafia_office.bronze.so_pesquisa_2024,mafia_office.silver.so_respondente,JOB,396676034535354,2026-09-27T18:41:05.168Z,2026-09-27T18:41:05.168Z,1
mafia_office.bronze.so_pesquisa_2025,mafia_office.silver.so_respondente,JOB,396676034535354,2026-09-27T18:41:05.168Z,2026-09-27T18:41:05.168Z,1
