origem,coluna_origem,destino,coluna_destino,eventos
mafia_office.silver.so_de_para_arranjo,valor_canonico,mafia_office.gold.dim_arranjo_trabalho,arranjo,1
mafia_office.silver.so_de_para_arranjo,valor_canonico,mafia_office.gold.dim_arranjo_trabalho,arranjo_chave,1
mafia_office.silver.so_de_para_arranjo,entra_serie_historica,mafia_office.gold.dim_arranjo_trabalho,entra_serie_historica,1
mafia_office.silver.so_de_para_arranjo,valor_canonico,mafia_office.gold.dim_arranjo_trabalho,ordem,1
mafia_office.silver.ibge_ocupados_uf_atividade,atividade_codigo,mafia_office.gold.dim_atividade_economica,atividade_chave,1
mafia_office.silver.ibge_ocupados_uf_atividade,atividade_codigo,mafia_office.gold.dim_atividade_economica,codigo,1
mafia_office.silver.ibge_ocupados_uf_atividade,e_proxy_tecnologia,mafia_office.gold.dim_atividade_economica,e_proxy_tecnologia,1
mafia_office.silver.ibge_ocupados_uf_atividade,atividade_codigo,mafia_office.gold.dim_atividade_economica,e_subgrupamento,1
mafia_office.silver.ibge_ocupados_uf_atividade,atividade_codigo,mafia_office.gold.dim_atividade_economica,e_total,1
mafia_office.silver.ibge_ocupados_uf_atividade,atividade_nome,mafia_office.gold.dim_atividade_economica,nome,1
mafia_office.silver.ibge_ocupados_uf_atividade,uf_codigo,mafia_office.gold.dim_geografia,codigo,1
mafia_office.silver.ibge_teletrabalho_uf,uf_codigo,mafia_office.gold.dim_geografia,codigo,1
mafia_office.silver.so_respondente,pais,mafia_office.gold.dim_geografia,codigo,1
mafia_office.silver.ibge_ocupados_uf_atividade,uf_codigo,mafia_office.gold.dim_geografia,geo_chave,1
mafia_office.silver.ibge_teletrabalho_uf,uf_codigo,mafia_office.gold.dim_geografia,geo_chave,1
mafia_office.silver.so_respondente,pais,mafia_office.gold.dim_geografia,geo_chave,1
mafia_office.silver.ibge_ocupados_uf_atividade,uf_nome,mafia_office.gold.dim_geografia,nome,1
mafia_office.silver.ibge_teletrabalho_uf,uf_nome,mafia_office.gold.dim_geografia,nome,1
mafia_office.silver.so_respondente,pais,mafia_office.gold.dim_geografia,nome,1
mafia_office.silver.so_respondente,pais,mafia_office.gold.dim_geografia,pais_nome,1
mafia_office.silver.ibge_teletrabalho_uf,modalidade_codigo,mafia_office.gold.dim_modalidade_ibge,e_teletrabalho,1
mafia_office.silver.ibge_teletrabalho_uf,modalidade,mafia_office.gold.dim_modalidade_ibge,modalidade,1
mafia_office.silver.ibge_teletrabalho_uf,modalidade_codigo,mafia_office.gold.dim_modalidade_ibge,modalidade_chave,1
mafia_office.silver.ibge_teletrabalho_uf,modalidade_codigo,mafia_office.gold.dim_modalidade_ibge,modalidade_codigo,1
mafia_office.silver.ibge_teletrabalho_uf,modalidade_codigo,mafia_office.gold.dim_modalidade_ibge,modalidade_pai_codigo,1
mafia_office.silver.so_respondente,faixa_experiencia,mafia_office.gold.dim_perfil_dev,faixa_experiencia,1
mafia_office.silver.so_respondente,perfil_principal,mafia_office.gold.dim_perfil_dev,perfil,1
mafia_office.silver.so_respondente,faixa_experiencia,mafia_office.gold.dim_perfil_dev,perfil_chave,1
mafia_office.silver.so_respondente,perfil_principal,mafia_office.gold.dim_perfil_dev,perfil_chave,1
mafia_office.silver.ibge_ocupados_uf_atividade,ano,mafia_office.gold.dim_periodo,ano,1
mafia_office.silver.ibge_teletrabalho_uf,ano,mafia_office.gold.dim_periodo,ano,1
mafia_office.silver.so_respondente,safra,mafia_office.gold.dim_periodo,ano,1
mafia_office.silver.ibge_ocupados_uf_atividade,ano,mafia_office.gold.dim_periodo,periodo_chave,1
mafia_office.silver.ibge_ocupados_uf_atividade,trimestre,mafia_office.gold.dim_periodo,periodo_chave,1
mafia_office.silver.ibge_teletrabalho_uf,ano,mafia_office.gold.dim_periodo,periodo_chave,1
mafia_office.silver.so_respondente,safra,mafia_office.gold.dim_periodo,periodo_chave,1
mafia_office.silver.ibge_ocupados_uf_atividade,ano,mafia_office.gold.dim_periodo,rotulo,1
mafia_office.silver.ibge_ocupados_uf_atividade,trimestre,mafia_office.gold.dim_periodo,rotulo,1
mafia_office.silver.ibge_teletrabalho_uf,ano,mafia_office.gold.dim_periodo,rotulo,1
mafia_office.silver.so_respondente,safra,mafia_office.gold.dim_periodo,rotulo,1
mafia_office.silver.ibge_ocupados_uf_atividade,trimestre,mafia_office.gold.dim_periodo,trimestre,1
mafia_office.gold.dim_atividade_economica,atividade_chave,mafia_office.gold.fato_ocupacao_uf_atividade,atividade_chave,1
mafia_office.gold.dim_geografia,geo_chave,mafia_office.gold.fato_ocupacao_uf_atividade,geo_chave,1
mafia_office.gold.dim_periodo,periodo_chave,mafia_office.gold.fato_ocupacao_uf_atividade,periodo_chave,1
mafia_office.silver.ibge_ocupados_uf_atividade,pessoas_mil,mafia_office.gold.fato_ocupacao_uf_atividade,pessoas_mil,1
mafia_office.silver.ibge_ocupados_uf_atividade,pessoas_mil_sinal,mafia_office.gold.fato_ocupacao_uf_atividade,pessoas_mil_sinal,1
mafia_office.silver.so_respondente,anos_codando,mafia_office.gold.fato_resposta_pesquisa,anos_codando,1
mafia_office.gold.dim_arranjo_trabalho,arranjo_chave,mafia_office.gold.fato_resposta_pesquisa,arranjo_chave,1
mafia_office.silver.so_respondente,autonomo,mafia_office.gold.fato_resposta_pesquisa,autonomo,1
mafia_office.silver.so_respondente,e_profissional,mafia_office.gold.fato_resposta_pesquisa,e_profissional,1
mafia_office.silver.so_respondente,empregado,mafia_office.gold.fato_resposta_pesquisa,empregado,1
mafia_office.gold.dim_geografia,geo_chave,mafia_office.gold.fato_resposta_pesquisa,geo_chave,1
mafia_office.silver.so_respondente,pais,mafia_office.gold.fato_resposta_pesquisa,geo_chave,1
mafia_office.gold.dim_perfil_dev,perfil_chave,mafia_office.gold.fato_resposta_pesquisa,perfil_chave,1
mafia_office.gold.dim_periodo,periodo_chave,mafia_office.gold.fato_resposta_pesquisa,periodo_chave,1
mafia_office.gold.dim_porte_empresa,porte_chave,mafia_office.gold.fato_resposta_pesquisa,porte_chave,1
mafia_office.silver.so_respondente,porte_empresa_origem,mafia_office.gold.fato_resposta_pesquisa,porte_chave,1
mafia_office.silver.so_respondente,remuneracao_outlier,mafia_office.gold.fato_resposta_pesquisa,remuneracao_outlier,1
mafia_office.silver.so_respondente,remuneracao_usd,mafia_office.gold.fato_resposta_pesquisa,remuneracao_usd,1
mafia_office.silver.so_respondente,resposta_id,mafia_office.gold.fato_resposta_pesquisa,resposta_id,1
mafia_office.silver.so_respondente,safra,mafia_office.gold.fato_resposta_pesquisa,safra,1
mafia_office.silver.so_respondente,satisfacao_trabalho,mafia_office.gold.fato_resposta_pesquisa,satisfacao_trabalho,1
mafia_office.silver.so_respondente,trabalhando,mafia_office.gold.fato_resposta_pesquisa,trabalhando,1
mafia_office.silver.ibge_teletrabalho_uf,cv_classificacao,mafia_office.gold.fato_teletrabalho_uf,cv_classificacao,1
mafia_office.silver.ibge_teletrabalho_uf,cv_percentual,mafia_office.gold.fato_teletrabalho_uf,cv_percentual,1
mafia_office.silver.ibge_teletrabalho_uf,cv_percentual_sinal,mafia_office.gold.fato_teletrabalho_uf,cv_percentual_sinal,1
mafia_office.silver.ibge_teletrabalho_uf,cv_pessoas,mafia_office.gold.fato_teletrabalho_uf,cv_pessoas,1
mafia_office.silver.ibge_teletrabalho_uf,cv_pessoas_classificacao,mafia_office.gold.fato_teletrabalho_uf,cv_pessoas_classificacao,1
mafia_office.silver.ibge_teletrabalho_uf,cv_pessoas_sinal,mafia_office.gold.fato_teletrabalho_uf,cv_pessoas_sinal,1
mafia_office.silver.ibge_teletrabalho_uf,disponivel_no_nivel,mafia_office.gold.fato_teletrabalho_uf,disponivel_no_nivel,1
mafia_office.silver.ibge_teletrabalho_uf,estimativa_confiavel,mafia_office.gold.fato_teletrabalho_uf,estimativa_confiavel,1
mafia_office.gold.dim_geografia,geo_chave,mafia_office.gold.fato_teletrabalho_uf,geo_chave,1
mafia_office.gold.dim_modalidade_ibge,modalidade_chave,mafia_office.gold.fato_teletrabalho_uf,modalidade_chave,1
mafia_office.silver.ibge_teletrabalho_uf,percentual,mafia_office.gold.fato_teletrabalho_uf,percentual,1
mafia_office.silver.ibge_teletrabalho_uf,percentual_sinal,mafia_office.gold.fato_teletrabalho_uf,percentual_sinal,1
mafia_office.gold.dim_periodo,periodo_chave,mafia_office.gold.fato_teletrabalho_uf,periodo_chave,1
mafia_office.silver.ibge_teletrabalho_uf,pessoas_mil,mafia_office.gold.fato_teletrabalho_uf,pessoas_mil,1
mafia_office.silver.ibge_teletrabalho_uf,pessoas_mil_sinal,mafia_office.gold.fato_teletrabalho_uf,pessoas_mil_sinal,1
mafia_office.gold.fato_ocupacao_uf_atividade,atividade_chave,mafia_office.gold.verificacoes_qualidade,resultado,1
mafia_office.gold.fato_ocupacao_uf_atividade,geo_chave,mafia_office.gold.verificacoes_qualidade,resultado,1
mafia_office.gold.fato_ocupacao_uf_atividade,periodo_chave,mafia_office.gold.verificacoes_qualidade,resultado,1
mafia_office.gold.fato_resposta_pesquisa,arranjo_chave,mafia_office.gold.verificacoes_qualidade,resultado,1
mafia_office.gold.fato_resposta_pesquisa,geo_chave,mafia_office.gold.verificacoes_qualidade,resultado,1
mafia_office.gold.fato_resposta_pesquisa,perfil_chave,mafia_office.gold.verificacoes_qualidade,resultado,1
mafia_office.gold.fato_resposta_pesquisa,periodo_chave,mafia_office.gold.verificacoes_qualidade,resultado,1
mafia_office.gold.fato_resposta_pesquisa,porte_chave,mafia_office.gold.verificacoes_qualidade,resultado,1
mafia_office.gold.fato_resposta_pesquisa,resposta_id,mafia_office.gold.verificacoes_qualidade,resultado,1
mafia_office.gold.fato_resposta_pesquisa,safra,mafia_office.gold.verificacoes_qualidade,resultado,1
mafia_office.gold.fato_teletrabalho_uf,geo_chave,mafia_office.gold.verificacoes_qualidade,resultado,1
mafia_office.gold.fato_teletrabalho_uf,modalidade_chave,mafia_office.gold.verificacoes_qualidade,resultado,1
mafia_office.gold.fato_teletrabalho_uf,periodo_chave,mafia_office.gold.verificacoes_qualidade,resultado,1
mafia_office.gold.fato_ocupacao_uf_atividade,atividade_chave,mafia_office.gold.verificacoes_qualidade,valor_medido,1
mafia_office.gold.fato_ocupacao_uf_atividade,geo_chave,mafia_office.gold.verificacoes_qualidade,valor_medido,1
mafia_office.gold.fato_ocupacao_uf_atividade,periodo_chave,mafia_office.gold.verificacoes_qualidade,valor_medido,1
mafia_office.gold.fato_resposta_pesquisa,arranjo_chave,mafia_office.gold.verificacoes_qualidade,valor_medido,1
mafia_office.gold.fato_resposta_pesquisa,geo_chave,mafia_office.gold.verificacoes_qualidade,valor_medido,1
mafia_office.gold.fato_resposta_pesquisa,perfil_chave,mafia_office.gold.verificacoes_qualidade,valor_medido,1
mafia_office.gold.fato_resposta_pesquisa,periodo_chave,mafia_office.gold.verificacoes_qualidade,valor_medido,1
mafia_office.gold.fato_resposta_pesquisa,porte_chave,mafia_office.gold.verificacoes_qualidade,valor_medido,1
mafia_office.gold.fato_resposta_pesquisa,resposta_id,mafia_office.gold.verificacoes_qualidade,valor_medido,1
mafia_office.gold.fato_resposta_pesquisa,safra,mafia_office.gold.verificacoes_qualidade,valor_medido,1
mafia_office.gold.fato_teletrabalho_uf,geo_chave,mafia_office.gold.verificacoes_qualidade,valor_medido,1
mafia_office.gold.fato_teletrabalho_uf,modalidade_chave,mafia_office.gold.verificacoes_qualidade,valor_medido,1
mafia_office.gold.fato_teletrabalho_uf,periodo_chave,mafia_office.gold.verificacoes_qualidade,valor_medido,1
mafia_office.gold.fato_ocupacao_uf_atividade,atividade_chave,mafia_office.gold.verificacoes_qualidade_historico,resultado,2
mafia_office.gold.fato_ocupacao_uf_atividade,geo_chave,mafia_office.gold.verificacoes_qualidade_historico,resultado,2
mafia_office.gold.fato_ocupacao_uf_atividade,periodo_chave,mafia_office.gold.verificacoes_qualidade_historico,resultado,2
mafia_office.gold.fato_resposta_pesquisa,arranjo_chave,mafia_office.gold.verificacoes_qualidade_historico,resultado,2
mafia_office.gold.fato_resposta_pesquisa,geo_chave,mafia_office.gold.verificacoes_qualidade_historico,resultado,2
mafia_office.gold.fato_resposta_pesquisa,perfil_chave,mafia_office.gold.verificacoes_qualidade_historico,resultado,2
mafia_office.gold.fato_resposta_pesquisa,periodo_chave,mafia_office.gold.verificacoes_qualidade_historico,resultado,2
mafia_office.gold.fato_resposta_pesquisa,porte_chave,mafia_office.gold.verificacoes_qualidade_historico,resultado,2
mafia_office.gold.fato_resposta_pesquisa,resposta_id,mafia_office.gold.verificacoes_qualidade_historico,resultado,2
mafia_office.gold.fato_resposta_pesquisa,safra,mafia_office.gold.verificacoes_qualidade_historico,resultado,2
mafia_office.gold.fato_teletrabalho_uf,geo_chave,mafia_office.gold.verificacoes_qualidade_historico,resultado,2
mafia_office.gold.fato_teletrabalho_uf,modalidade_chave,mafia_office.gold.verificacoes_qualidade_historico,resultado,2
mafia_office.gold.fato_teletrabalho_uf,periodo_chave,mafia_office.gold.verificacoes_qualidade_historico,resultado,2
mafia_office.gold.fato_ocupacao_uf_atividade,atividade_chave,mafia_office.gold.verificacoes_qualidade_historico,valor_medido,2
mafia_office.gold.fato_ocupacao_uf_atividade,geo_chave,mafia_office.gold.verificacoes_qualidade_historico,valor_medido,2
mafia_office.gold.fato_ocupacao_uf_atividade,periodo_chave,mafia_office.gold.verificacoes_qualidade_historico,valor_medido,2
mafia_office.gold.fato_resposta_pesquisa,arranjo_chave,mafia_office.gold.verificacoes_qualidade_historico,valor_medido,2
mafia_office.gold.fato_resposta_pesquisa,geo_chave,mafia_office.gold.verificacoes_qualidade_historico,valor_medido,2
mafia_office.gold.fato_resposta_pesquisa,perfil_chave,mafia_office.gold.verificacoes_qualidade_historico,valor_medido,2
mafia_office.gold.fato_resposta_pesquisa,periodo_chave,mafia_office.gold.verificacoes_qualidade_historico,valor_medido,2
mafia_office.gold.fato_resposta_pesquisa,porte_chave,mafia_office.gold.verificacoes_qualidade_historico,valor_medido,2
mafia_office.gold.fato_resposta_pesquisa,resposta_id,mafia_office.gold.verificacoes_qualidade_historico,valor_medido,2
mafia_office.gold.fato_resposta_pesquisa,safra,mafia_office.gold.verificacoes_qualidade_historico,valor_medido,2
mafia_office.gold.fato_teletrabalho_uf,geo_chave,mafia_office.gold.verificacoes_qualidade_historico,valor_medido,2
mafia_office.gold.fato_teletrabalho_uf,modalidade_chave,mafia_office.gold.verificacoes_qualidade_historico,valor_medido,2
mafia_office.gold.fato_teletrabalho_uf,periodo_chave,mafia_office.gold.verificacoes_qualidade_historico,valor_medido,2
mafia_office.gold.dim_arranjo_trabalho,arranjo,mafia_office.gold.vw_q1_evolucao_arranjo,arranjo,3
mafia_office.gold.dim_arranjo_trabalho,entra_serie_historica,mafia_office.gold.vw_q1_evolucao_arranjo,entra_serie_historica,1
mafia_office.gold.dim_arranjo_trabalho,entra_serie_historica,mafia_office.gold.vw_q1_evolucao_arranjo,ic95_inf,2
mafia_office.gold.dim_periodo,ano,mafia_office.gold.vw_q1_evolucao_arranjo,ic95_inf,2
mafia_office.gold.fato_resposta_pesquisa,qtd_respondentes,mafia_office.gold.vw_q1_evolucao_arranjo,ic95_inf,2
mafia_office.gold.dim_arranjo_trabalho,entra_serie_historica,mafia_office.gold.vw_q1_evolucao_arranjo,ic95_sup,2
mafia_office.gold.dim_periodo,ano,mafia_office.gold.vw_q1_evolucao_arranjo,ic95_sup,2
mafia_office.gold.fato_resposta_pesquisa,qtd_respondentes,mafia_office.gold.vw_q1_evolucao_arranjo,ic95_sup,2
mafia_office.gold.dim_periodo,ano,mafia_office.gold.vw_q1_evolucao_arranjo,n_informados,2
mafia_office.gold.fato_resposta_pesquisa,qtd_respondentes,mafia_office.gold.vw_q1_evolucao_arranjo,n_informados,2
mafia_office.gold.dim_arranjo_trabalho,entra_serie_historica,mafia_office.gold.vw_q1_evolucao_arranjo,n_serie_comparavel,2
mafia_office.gold.dim_periodo,ano,mafia_office.gold.vw_q1_evolucao_arranjo,n_serie_comparavel,2
mafia_office.gold.fato_resposta_pesquisa,qtd_respondentes,mafia_office.gold.vw_q1_evolucao_arranjo,n_serie_comparavel,2
mafia_office.gold.dim_arranjo_trabalho,ordem,mafia_office.gold.vw_q1_evolucao_arranjo,ordem,1
mafia_office.gold.dim_arranjo_trabalho,entra_serie_historica,mafia_office.gold.vw_q1_evolucao_arranjo,pct_serie_comparavel,3
mafia_office.gold.dim_periodo,ano,mafia_office.gold.vw_q1_evolucao_arranjo,pct_serie_comparavel,3
mafia_office.gold.fato_resposta_pesquisa,qtd_respondentes,mafia_office.gold.vw_q1_evolucao_arranjo,pct_serie_comparavel,3
mafia_office.gold.dim_periodo,ano,mafia_office.gold.vw_q1_evolucao_arranjo,pct_sobre_informados,2
mafia_office.gold.fato_resposta_pesquisa,qtd_respondentes,mafia_office.gold.vw_q1_evolucao_arranjo,pct_sobre_informados,2
mafia_office.gold.fato_resposta_pesquisa,qtd_respondentes,mafia_office.gold.vw_q1_evolucao_arranjo,respondentes,3
mafia_office.gold.dim_periodo,ano,mafia_office.gold.vw_q1_evolucao_arranjo,safra,3
mafia_office.gold.dim_arranjo_trabalho,arranjo,mafia_office.gold.vw_q1_remoto_por_vinculo,ic95_inf,2
mafia_office.gold.dim_arranjo_trabalho,entra_serie_historica,mafia_office.gold.vw_q1_remoto_por_vinculo,ic95_inf,2
mafia_office.gold.fato_resposta_pesquisa,qtd_respondentes,mafia_office.gold.vw_q1_remoto_por_vinculo,ic95_inf,2
mafia_office.gold.dim_arranjo_trabalho,arranjo,mafia_office.gold.vw_q1_remoto_por_vinculo,ic95_sup,2
mafia_office.gold.dim_arranjo_trabalho,entra_serie_historica,mafia_office.gold.vw_q1_remoto_por_vinculo,ic95_sup,2
mafia_office.gold.fato_resposta_pesquisa,qtd_respondentes,mafia_office.gold.vw_q1_remoto_por_vinculo,ic95_sup,2
mafia_office.gold.dim_arranjo_trabalho,entra_serie_historica,mafia_office.gold.vw_q1_remoto_por_vinculo,n_serie_comparavel,2
mafia_office.gold.fato_resposta_pesquisa,qtd_respondentes,mafia_office.gold.vw_q1_remoto_por_vinculo,n_serie_comparavel,2
mafia_office.gold.dim_arranjo_trabalho,arranjo,mafia_office.gold.vw_q1_remoto_por_vinculo,nulos_arranjo,1
mafia_office.gold.fato_resposta_pesquisa,qtd_respondentes,mafia_office.gold.vw_q1_remoto_por_vinculo,nulos_arranjo,1
mafia_office.gold.dim_arranjo_trabalho,arranjo,mafia_office.gold.vw_q1_remoto_por_vinculo,pct_nulo_arranjo,2
mafia_office.gold.fato_resposta_pesquisa,qtd_respondentes,mafia_office.gold.vw_q1_remoto_por_vinculo,pct_nulo_arranjo,2
mafia_office.gold.dim_arranjo_trabalho,arranjo,mafia_office.gold.vw_q1_remoto_por_vinculo,pct_remoto,2
mafia_office.gold.dim_arranjo_trabalho,entra_serie_historica,mafia_office.gold.vw_q1_remoto_por_vinculo,pct_remoto,2
mafia_office.gold.fato_resposta_pesquisa,qtd_respondentes,mafia_office.gold.vw_q1_remoto_por_vinculo,pct_remoto,2
mafia_office.gold.dim_arranjo_trabalho,arranjo,mafia_office.gold.vw_q1_remoto_por_vinculo,pct_remoto_padronizado_2024,2
mafia_office.gold.dim_arranjo_trabalho,entra_serie_historica,mafia_office.gold.vw_q1_remoto_por_vinculo,pct_remoto_padronizado_2024,2
mafia_office.gold.dim_periodo,ano,mafia_office.gold.vw_q1_remoto_por_vinculo,pct_remoto_padronizado_2024,2
mafia_office.gold.fato_resposta_pesquisa,autonomo,mafia_office.gold.vw_q1_remoto_por_vinculo,pct_remoto_padronizado_2024,2
mafia_office.gold.fato_resposta_pesquisa,empregado,mafia_office.gold.vw_q1_remoto_por_vinculo,pct_remoto_padronizado_2024,2
mafia_office.gold.fato_resposta_pesquisa,qtd_respondentes,mafia_office.gold.vw_q1_remoto_por_vinculo,pct_remoto_padronizado_2024,2
mafia_office.gold.dim_arranjo_trabalho,entra_serie_historica,mafia_office.gold.vw_q1_remoto_por_vinculo,peso_vinculo,2
mafia_office.gold.dim_periodo,ano,mafia_office.gold.vw_q1_remoto_por_vinculo,peso_vinculo,2
mafia_office.gold.fato_resposta_pesquisa,qtd_respondentes,mafia_office.gold.vw_q1_remoto_por_vinculo,peso_vinculo,2
mafia_office.gold.dim_arranjo_trabalho,arranjo,mafia_office.gold.vw_q1_remoto_por_vinculo,remoto_limite_inf_nulos,2
mafia_office.gold.dim_arranjo_trabalho,entra_serie_historica,mafia_office.gold.vw_q1_remoto_por_vinculo,remoto_limite_inf_nulos,2
mafia_office.gold.fato_resposta_pesquisa,autonomo,mafia_office.gold.vw_q1_remoto_por_vinculo,remoto_limite_inf_nulos,2
mafia_office.gold.fato_resposta_pesquisa,empregado,mafia_office.gold.vw_q1_remoto_por_vinculo,remoto_limite_inf_nulos,2
mafia_office.gold.fato_resposta_pesquisa,qtd_respondentes,mafia_office.gold.vw_q1_remoto_por_vinculo,remoto_limite_inf_nulos,2
mafia_office.gold.dim_arranjo_trabalho,arranjo,mafia_office.gold.vw_q1_remoto_por_vinculo,remoto_limite_sup_nulos,2
mafia_office.gold.dim_arranjo_trabalho,entra_serie_historica,mafia_office.gold.vw_q1_remoto_por_vinculo,remoto_limite_sup_nulos,2
mafia_office.gold.fato_resposta_pesquisa,autonomo,mafia_office.gold.vw_q1_remoto_por_vinculo,remoto_limite_sup_nulos,2
mafia_office.gold.fato_resposta_pesquisa,empregado,mafia_office.gold.vw_q1_remoto_por_vinculo,remoto_limite_sup_nulos,2
mafia_office.gold.fato_resposta_pesquisa,qtd_respondentes,mafia_office.gold.vw_q1_remoto_por_vinculo,remoto_limite_sup_nulos,2
mafia_office.gold.dim_arranjo_trabalho,arranjo,mafia_office.gold.vw_q1_remoto_por_vinculo,remotos,1
mafia_office.gold.fato_resposta_pesquisa,qtd_respondentes,mafia_office.gold.vw_q1_remoto_por_vinculo,remotos,1
mafia_office.gold.fato_resposta_pesquisa,autonomo,mafia_office.gold.vw_q1_remoto_por_vinculo,respondentes_duplos,2
mafia_office.gold.fato_resposta_pesquisa,empregado,mafia_office.gold.vw_q1_remoto_por_vinculo,respondentes_duplos,2
mafia_office.gold.fato_resposta_pesquisa,qtd_respondentes,mafia_office.gold.vw_q1_remoto_por_vinculo,respondentes_duplos,2
mafia_office.gold.dim_periodo,ano,mafia_office.gold.vw_q1_remoto_por_vinculo,safra,2
mafia_office.gold.fato_resposta_pesquisa,qtd_respondentes,mafia_office.gold.vw_q1_remoto_por_vinculo,trabalhando,2
mafia_office.gold.fato_resposta_pesquisa,autonomo,mafia_office.gold.vw_q1_remoto_por_vinculo,vinculo,2
mafia_office.gold.fato_resposta_pesquisa,empregado,mafia_office.gold.vw_q1_remoto_por_vinculo,vinculo,2
mafia_office.gold.dim_arranjo_trabalho,arranjo,mafia_office.gold.vw_q2_arranjo_por_porte,arranjo,2
mafia_office.gold.dim_arranjo_trabalho,ordem,mafia_office.gold.vw_q2_arranjo_por_porte,arranjo_ordem,1
mafia_office.gold.dim_porte_empresa,porte,mafia_office.gold.vw_q2_arranjo_por_porte,e_autonomo,1
mafia_office.gold.dim_periodo,ano,mafia_office.gold.vw_q2_arranjo_por_porte,n_porte,2
mafia_office.gold.dim_porte_empresa,porte,mafia_office.gold.vw_q2_arranjo_por_porte,n_porte,2
mafia_office.gold.fato_resposta_pesquisa,qtd_respondentes,mafia_office.gold.vw_q2_arranjo_por_porte,n_porte,2
mafia_office.gold.dim_periodo,ano,mafia_office.gold.vw_q2_arranjo_por_porte,pct_no_porte,2
mafia_office.gold.dim_porte_empresa,porte,mafia_office.gold.vw_q2_arranjo_por_porte,pct_no_porte,2
mafia_office.gold.fato_resposta_pesquisa,qtd_respondentes,mafia_office.gold.vw_q2_arranjo_por_porte,pct_no_porte,2
mafia_office.gold.dim_porte_empresa,porte,mafia_office.gold.vw_q2_arranjo_por_porte,porte,2
mafia_office.gold.dim_porte_empresa,ordem,mafia_office.gold.vw_q2_arranjo_por_porte,porte_ordem,1
mafia_office.gold.fato_resposta_pesquisa,qtd_respondentes,mafia_office.gold.vw_q2_arranjo_por_porte,respondentes,2
mafia_office.gold.dim_periodo,ano,mafia_office.gold.vw_q2_arranjo_por_porte,safra,2
mafia_office.gold.dim_arranjo_trabalho,arranjo,mafia_office.gold.vw_q3_brasil_x_resto_mundo,arranjo,2
mafia_office.gold.dim_arranjo_trabalho,entra_serie_historica,mafia_office.gold.vw_q3_brasil_x_resto_mundo,entra_serie_historica,1
mafia_office.gold.dim_geografia,codigo,mafia_office.gold.vw_q3_brasil_x_resto_mundo,grupo,3
mafia_office.gold.dim_arranjo_trabalho,entra_serie_historica,mafia_office.gold.vw_q3_brasil_x_resto_mundo,ic95_inf,2
mafia_office.gold.dim_geografia,codigo,mafia_office.gold.vw_q3_brasil_x_resto_mundo,ic95_inf,2
mafia_office.gold.dim_periodo,ano,mafia_office.gold.vw_q3_brasil_x_resto_mundo,ic95_inf,2
mafia_office.gold.fato_resposta_pesquisa,qtd_respondentes,mafia_office.gold.vw_q3_brasil_x_resto_mundo,ic95_inf,2
mafia_office.gold.dim_arranjo_trabalho,entra_serie_historica,mafia_office.gold.vw_q3_brasil_x_resto_mundo,ic95_sup,2
mafia_office.gold.dim_geografia,codigo,mafia_office.gold.vw_q3_brasil_x_resto_mundo,ic95_sup,2
mafia_office.gold.dim_periodo,ano,mafia_office.gold.vw_q3_brasil_x_resto_mundo,ic95_sup,2
mafia_office.gold.fato_resposta_pesquisa,qtd_respondentes,mafia_office.gold.vw_q3_brasil_x_resto_mundo,ic95_sup,2
mafia_office.gold.dim_geografia,codigo,mafia_office.gold.vw_q3_brasil_x_resto_mundo,n_informados,1
mafia_office.gold.dim_periodo,ano,mafia_office.gold.vw_q3_brasil_x_resto_mundo,n_informados,1
mafia_office.gold.fato_resposta_pesquisa,qtd_respondentes,mafia_office.gold.vw_q3_brasil_x_resto_mundo,n_informados,1
mafia_office.gold.dim_arranjo_trabalho,entra_serie_historica,mafia_office.gold.vw_q3_brasil_x_resto_mundo,n_serie_comparavel,3
mafia_office.gold.dim_geografia,codigo,mafia_office.gold.vw_q3_brasil_x_resto_mundo,n_serie_comparavel,3
mafia_office.gold.dim_periodo,ano,mafia_office.gold.vw_q3_brasil_x_resto_mundo,n_serie_comparavel,3
mafia_office.gold.fato_resposta_pesquisa,qtd_respondentes,mafia_office.gold.vw_q3_brasil_x_resto_mundo,n_serie_comparavel,3
mafia_office.gold.dim_arranjo_trabalho,ordem,mafia_office.gold.vw_q3_brasil_x_resto_mundo,ordem,1
mafia_office.gold.dim_arranjo_trabalho,entra_serie_historica,mafia_office.gold.vw_q3_brasil_x_resto_mundo,pct_serie_comparavel,2
mafia_office.gold.dim_geografia,codigo,mafia_office.gold.vw_q3_brasil_x_resto_mundo,pct_serie_comparavel,2
mafia_office.gold.dim_periodo,ano,mafia_office.gold.vw_q3_brasil_x_resto_mundo,pct_serie_comparavel,2
mafia_office.gold.fato_resposta_pesquisa,qtd_respondentes,mafia_office.gold.vw_q3_brasil_x_resto_mundo,pct_serie_comparavel,2
mafia_office.gold.fato_resposta_pesquisa,qtd_respondentes,mafia_office.gold.vw_q3_brasil_x_resto_mundo,respondentes,3
mafia_office.gold.dim_periodo,ano,mafia_office.gold.vw_q3_brasil_x_resto_mundo,safra,2
mafia_office.gold.dim_perfil_dev,faixa_experiencia,mafia_office.gold.vw_q4_perfil_remoto,faixa_experiencia,2
mafia_office.gold.dim_arranjo_trabalho,arranjo,mafia_office.gold.vw_q4_perfil_remoto,hibridos,1
mafia_office.gold.fato_resposta_pesquisa,qtd_respondentes,mafia_office.gold.vw_q4_perfil_remoto,hibridos,1
mafia_office.gold.dim_arranjo_trabalho,arranjo,mafia_office.gold.vw_q4_perfil_remoto,ic95_inf,1
mafia_office.gold.dim_arranjo_trabalho,entra_serie_historica,mafia_office.gold.vw_q4_perfil_remoto,ic95_inf,1
mafia_office.gold.fato_resposta_pesquisa,qtd_respondentes,mafia_office.gold.vw_q4_perfil_remoto,ic95_inf,1
mafia_office.gold.dim_arranjo_trabalho,arranjo,mafia_office.gold.vw_q4_perfil_remoto,ic95_sup,1
mafia_office.gold.dim_arranjo_trabalho,entra_serie_historica,mafia_office.gold.vw_q4_perfil_remoto,ic95_sup,1
mafia_office.gold.fato_resposta_pesquisa,qtd_respondentes,mafia_office.gold.vw_q4_perfil_remoto,ic95_sup,1
mafia_office.gold.fato_resposta_pesquisa,qtd_respondentes,mafia_office.gold.vw_q4_perfil_remoto,n_informados,1
mafia_office.gold.dim_arranjo_trabalho,entra_serie_historica,mafia_office.gold.vw_q4_perfil_remoto,n_serie_comparavel,4
mafia_office.gold.fato_resposta_pesquisa,qtd_respondentes,mafia_office.gold.vw_q4_perfil_remoto,n_serie_comparavel,4
mafia_office.gold.dim_arranjo_trabalho,arranjo,mafia_office.gold.vw_q4_perfil_remoto,pct_hibrido_comparavel,1
mafia_office.gold.dim_arranjo_trabalho,entra_serie_historica,mafia_office.gold.vw_q4_perfil_remoto,pct_hibrido_comparavel,1
mafia_office.gold.fato_resposta_pesquisa,qtd_respondentes,mafia_office.gold.vw_q4_perfil_remoto,pct_hibrido_comparavel,1
mafia_office.gold.dim_arranjo_trabalho,arranjo,mafia_office.gold.vw_q4_perfil_remoto,pct_nao_presencial_comparavel,1
mafia_office.gold.dim_arranjo_trabalho,entra_serie_historica,mafia_office.gold.vw_q4_perfil_remoto,pct_nao_presencial_comparavel,1
mafia_office.gold.fato_resposta_pesquisa,qtd_respondentes,mafia_office.gold.vw_q4_perfil_remoto,pct_nao_presencial_comparavel,1
mafia_office.gold.dim_arranjo_trabalho,arranjo,mafia_office.gold.vw_q4_perfil_remoto,pct_remoto_comparavel,1
mafia_office.gold.dim_arranjo_trabalho,entra_serie_historica,mafia_office.gold.vw_q4_perfil_remoto,pct_remoto_comparavel,1
mafia_office.gold.fato_resposta_pesquisa,qtd_respondentes,mafia_office.gold.vw_q4_perfil_remoto,pct_remoto_comparavel,1
mafia_office.gold.dim_perfil_dev,perfil,mafia_office.gold.vw_q4_perfil_remoto,perfil,3
mafia_office.gold.dim_arranjo_trabalho,arranjo,mafia_office.gold.vw_q4_perfil_remoto,remotos,4
mafia_office.gold.fato_resposta_pesquisa,qtd_respondentes,mafia_office.gold.vw_q4_perfil_remoto,remotos,4
mafia_office.gold.dim_periodo,ano,mafia_office.gold.vw_q4_perfil_remoto,safra,2
mafia_office.gold.dim_arranjo_trabalho,arranjo,mafia_office.gold.vw_q5_arranjo_satisfacao,arranjo,3
mafia_office.gold.fato_resposta_pesquisa,satisfacao_trabalho,mafia_office.gold.vw_q5_arranjo_satisfacao,desvio_padrao,3
mafia_office.gold.fato_resposta_pesquisa,satisfacao_trabalho,mafia_office.gold.vw_q5_arranjo_satisfacao,erro_padrao_media,2
mafia_office.gold.dim_arranjo_trabalho,ordem,mafia_office.gold.vw_q5_arranjo_satisfacao,ordem,1
mafia_office.gold.fato_resposta_pesquisa,satisfacao_trabalho,mafia_office.gold.vw_q5_arranjo_satisfacao,pct_0_a_4,2
mafia_office.gold.fato_resposta_pesquisa,satisfacao_trabalho,mafia_office.gold.vw_q5_arranjo_satisfacao,pct_5_a_7,2
mafia_office.gold.fato_resposta_pesquisa,satisfacao_trabalho,mafia_office.gold.vw_q5_arranjo_satisfacao,pct_8_a_10,3
mafia_office.gold.dim_periodo,ano,mafia_office.gold.vw_q5_arranjo_satisfacao,safra,3
mafia_office.gold.fato_resposta_pesquisa,satisfacao_trabalho,mafia_office.gold.vw_q5_arranjo_satisfacao,satisfacao_media,3
mafia_office.gold.dim_periodo,ano,mafia_office.gold.vw_q5_arranjo_satisfacao,satisfacao_media_padronizada,3
mafia_office.gold.fato_resposta_pesquisa,satisfacao_trabalho,mafia_office.gold.vw_q5_arranjo_satisfacao,satisfacao_media_padronizada,3
mafia_office.gold.fato_resposta_pesquisa,satisfacao_trabalho,mafia_office.gold.vw_q5_arranjo_satisfacao,satisfacao_mediana,2
mafia_office.gold.fato_resposta_pesquisa,satisfacao_trabalho,mafia_office.gold.vw_q5_arranjo_satisfacao,satisfacao_p25,1
mafia_office.gold.fato_resposta_pesquisa,satisfacao_trabalho,mafia_office.gold.vw_q5_arranjo_satisfacao,satisfacao_p75,1
mafia_office.gold.fato_teletrabalho_uf,cv_classificacao,mafia_office.gold.vw_q6_teletrabalho_uf,cv_classificacao,3
mafia_office.gold.fato_teletrabalho_uf,cv_percentual,mafia_office.gold.vw_q6_teletrabalho_uf,cv_percentual,2
mafia_office.gold.fato_teletrabalho_uf,cv_pessoas,mafia_office.gold.vw_q6_teletrabalho_uf,cv_pessoas,2
mafia_office.gold.fato_teletrabalho_uf,cv_pessoas_classificacao,mafia_office.gold.vw_q6_teletrabalho_uf,cv_pessoas_classificacao,3
mafia_office.gold.dim_modalidade_ibge,e_teletrabalho,mafia_office.gold.vw_q6_teletrabalho_uf,e_teletrabalho,1
mafia_office.gold.fato_teletrabalho_uf,cv_percentual,mafia_office.gold.vw_q6_teletrabalho_uf,ic95_percentual_inf,2
mafia_office.gold.fato_teletrabalho_uf,percentual,mafia_office.gold.vw_q6_teletrabalho_uf,ic95_percentual_inf,2
mafia_office.gold.fato_teletrabalho_uf,cv_percentual,mafia_office.gold.vw_q6_teletrabalho_uf,ic95_percentual_sup,2
mafia_office.gold.fato_teletrabalho_uf,percentual,mafia_office.gold.vw_q6_teletrabalho_uf,ic95_percentual_sup,2
mafia_office.gold.fato_teletrabalho_uf,cv_classificacao,mafia_office.gold.vw_q6_teletrabalho_uf,leitura_percentual,2
mafia_office.gold.fato_teletrabalho_uf,cv_pessoas_classificacao,mafia_office.gold.vw_q6_teletrabalho_uf,leitura_pessoas,1
mafia_office.gold.dim_modalidade_ibge,modalidade,mafia_office.gold.vw_q6_teletrabalho_uf,modalidade,2
mafia_office.gold.dim_modalidade_ibge,modalidade_codigo,mafia_office.gold.vw_q6_teletrabalho_uf,modalidade_codigo,2
mafia_office.gold.dim_modalidade_ibge,modalidade_pai_codigo,mafia_office.gold.vw_q6_teletrabalho_uf,modalidade_pai_codigo,2
mafia_office.gold.dim_geografia,nivel,mafia_office.gold.vw_q6_teletrabalho_uf,nivel,2
mafia_office.gold.fato_teletrabalho_uf,percentual,mafia_office.gold.vw_q6_teletrabalho_uf,percentual,3
mafia_office.gold.fato_teletrabalho_uf,pessoas_mil,mafia_office.gold.vw_q6_teletrabalho_uf,pessoas_mil,3
mafia_office.gold.dim_geografia,regiao,mafia_office.gold.vw_q6_teletrabalho_uf,regiao,2
mafia_office.gold.dim_geografia,nome,mafia_office.gold.vw_q6_teletrabalho_uf,territorio,2
mafia_office.gold.dim_geografia,uf_sigla,mafia_office.gold.vw_q6_teletrabalho_uf,uf_sigla,2
mafia_office.gold.dim_periodo,ano,mafia_office.gold.vw_q7_ocupacao_proxy_tecnologia_uf,ano,2
mafia_office.gold.dim_geografia,uf_sigla,mafia_office.gold.vw_q7_ocupacao_proxy_tecnologia_uf,media_movel_4t,3
mafia_office.gold.dim_periodo,ano,mafia_office.gold.vw_q7_ocupacao_proxy_tecnologia_uf,media_movel_4t,3
mafia_office.gold.dim_periodo,trimestre,mafia_office.gold.vw_q7_ocupacao_proxy_tecnologia_uf,media_movel_4t,3
mafia_office.gold.fato_ocupacao_uf_atividade,pessoas_mil,mafia_office.gold.vw_q7_ocupacao_proxy_tecnologia_uf,media_movel_4t,3
mafia_office.gold.dim_geografia,uf_sigla,mafia_office.gold.vw_q7_ocupacao_proxy_tecnologia_uf,media_movel_4t_ano_anterior,1
mafia_office.gold.dim_periodo,ano,mafia_office.gold.vw_q7_ocupacao_proxy_tecnologia_uf,media_movel_4t_ano_anterior,1
mafia_office.gold.dim_periodo,trimestre,mafia_office.gold.vw_q7_ocupacao_proxy_tecnologia_uf,media_movel_4t_ano_anterior,1
mafia_office.gold.fato_ocupacao_uf_atividade,pessoas_mil,mafia_office.gold.vw_q7_ocupacao_proxy_tecnologia_uf,media_movel_4t_ano_anterior,1
mafia_office.gold.dim_periodo,rotulo,mafia_office.gold.vw_q7_ocupacao_proxy_tecnologia_uf,periodo,3
mafia_office.gold.fato_ocupacao_uf_atividade,pessoas_mil,mafia_office.gold.vw_q7_ocupacao_proxy_tecnologia_uf,pessoas_mil,3
mafia_office.gold.dim_geografia,regiao,mafia_office.gold.vw_q7_ocupacao_proxy_tecnologia_uf,regiao,2
mafia_office.gold.dim_periodo,trimestre,mafia_office.gold.vw_q7_ocupacao_proxy_tecnologia_uf,trimestre,2
mafia_office.gold.dim_geografia,nome,mafia_office.gold.vw_q7_ocupacao_proxy_tecnologia_uf,uf_nome,2
mafia_office.gold.dim_geografia,uf_sigla,mafia_office.gold.vw_q7_ocupacao_proxy_tecnologia_uf,uf_sigla,2
mafia_office.gold.dim_geografia,uf_sigla,mafia_office.gold.vw_q7_ocupacao_proxy_tecnologia_uf,variacao_anual_media_movel_pct,2
mafia_office.gold.dim_periodo,ano,mafia_office.gold.vw_q7_ocupacao_proxy_tecnologia_uf,variacao_anual_media_movel_pct,2
mafia_office.gold.dim_periodo,trimestre,mafia_office.gold.vw_q7_ocupacao_proxy_tecnologia_uf,variacao_anual_media_movel_pct,2
mafia_office.gold.fato_ocupacao_uf_atividade,pessoas_mil,mafia_office.gold.vw_q7_ocupacao_proxy_tecnologia_uf,variacao_anual_media_movel_pct,2
mafia_office.gold.dim_modalidade_ibge,modalidade_codigo,mafia_office.gold.vw_q8_mercado_brasil,cenario,2
mafia_office.gold.fato_ocupacao_uf_atividade,pessoas_mil,mafia_office.gold.vw_q8_mercado_brasil,estimativa_ic95_inf_mil,2
mafia_office.gold.fato_teletrabalho_uf,cv_percentual,mafia_office.gold.vw_q8_mercado_brasil,estimativa_ic95_inf_mil,2
mafia_office.gold.fato_teletrabalho_uf,percentual,mafia_office.gold.vw_q8_mercado_brasil,estimativa_ic95_inf_mil,2
mafia_office.gold.fato_ocupacao_uf_atividade,pessoas_mil,mafia_office.gold.vw_q8_mercado_brasil,estimativa_ic95_sup_mil,2
mafia_office.gold.fato_teletrabalho_uf,cv_percentual,mafia_office.gold.vw_q8_mercado_brasil,estimativa_ic95_sup_mil,2
mafia_office.gold.fato_teletrabalho_uf,percentual,mafia_office.gold.vw_q8_mercado_brasil,estimativa_ic95_sup_mil,2
mafia_office.gold.dim_arranjo_trabalho,arranjo,mafia_office.gold.vw_q8_mercado_brasil,estimativa_mil,2
mafia_office.gold.fato_ocupacao_uf_atividade,pessoas_mil,mafia_office.gold.vw_q8_mercado_brasil,estimativa_mil,2
mafia_office.gold.fato_resposta_pesquisa,qtd_respondentes,mafia_office.gold.vw_q8_mercado_brasil,estimativa_mil,2
mafia_office.gold.fato_teletrabalho_uf,percentual,mafia_office.gold.vw_q8_mercado_brasil,estimativa_mil,2
mafia_office.gold.dim_arranjo_trabalho,arranjo,mafia_office.gold.vw_q8_mercado_brasil,excede_teto_logico,2
mafia_office.gold.fato_ocupacao_uf_atividade,pessoas_mil,mafia_office.gold.vw_q8_mercado_brasil,excede_teto_logico,2
mafia_office.gold.fato_resposta_pesquisa,qtd_respondentes,mafia_office.gold.vw_q8_mercado_brasil,excede_teto_logico,2
mafia_office.gold.fato_teletrabalho_uf,percentual,mafia_office.gold.vw_q8_mercado_brasil,excede_teto_logico,2
mafia_office.gold.fato_teletrabalho_uf,pessoas_mil,mafia_office.gold.vw_q8_mercado_brasil,excede_teto_logico,2
mafia_office.gold.fato_ocupacao_uf_atividade,pessoas_mil,mafia_office.gold.vw_q8_mercado_brasil,proxy_mil,2
mafia_office.gold.dim_geografia,regiao,mafia_office.gold.vw_q8_mercado_brasil,regiao,1
mafia_office.gold.fato_teletrabalho_uf,cv_classificacao,mafia_office.gold.vw_q8_mercado_brasil,taxa_cv_classificacao,2
mafia_office.gold.fato_teletrabalho_uf,cv_percentual,mafia_office.gold.vw_q8_mercado_brasil,taxa_cv_pct,2
mafia_office.gold.dim_arranjo_trabalho,arranjo,mafia_office.gold.vw_q8_mercado_brasil,taxa_pct,2
mafia_office.gold.fato_resposta_pesquisa,qtd_respondentes,mafia_office.gold.vw_q8_mercado_brasil,taxa_pct,2
mafia_office.gold.fato_teletrabalho_uf,percentual,mafia_office.gold.vw_q8_mercado_brasil,taxa_pct,2
mafia_office.gold.dim_geografia,nome,mafia_office.gold.vw_q8_mercado_brasil,territorio,2
mafia_office.gold.fato_teletrabalho_uf,pessoas_mil,mafia_office.gold.vw_q8_mercado_brasil,teto_logico_mil,2
mafia_office.gold.dim_geografia,uf_sigla,mafia_office.gold.vw_q8_mercado_brasil,uf_sigla,2
mafia_office.bronze.ibge_sidra_5434,D3C,mafia_office.silver.ibge_ocupados_uf_atividade,ano,1
mafia_office.bronze.ibge_sidra_5434,D4C,mafia_office.silver.ibge_ocupados_uf_atividade,atividade_codigo,1
mafia_office.bronze.ibge_sidra_5434,D4N,mafia_office.silver.ibge_ocupados_uf_atividade,atividade_nome,1
mafia_office.bronze.ibge_sidra_5434,D4C,mafia_office.silver.ibge_ocupados_uf_atividade,e_proxy_tecnologia,1
mafia_office.bronze.ibge_sidra_5434,D3C,mafia_office.silver.ibge_ocupados_uf_atividade,periodo_codigo,1
mafia_office.bronze.ibge_sidra_5434,V,mafia_office.silver.ibge_ocupados_uf_atividade,pessoas_mil,1
mafia_office.bronze.ibge_sidra_5434,V,mafia_office.silver.ibge_ocupados_uf_atividade,pessoas_mil_sinal,1
mafia_office.bronze.ibge_sidra_5434,D3C,mafia_office.silver.ibge_ocupados_uf_atividade,trimestre,1
mafia_office.bronze.ibge_sidra_5434,D1C,mafia_office.silver.ibge_ocupados_uf_atividade,uf_codigo,1
mafia_office.bronze.ibge_sidra_5434,D1N,mafia_office.silver.ibge_ocupados_uf_atividade,uf_nome,1
mafia_office.bronze.ibge_sidra_9471,D3C,mafia_office.silver.ibge_teletrabalho_uf,ano,1
mafia_office.bronze.ibge_sidra_9471,D2C,mafia_office.silver.ibge_teletrabalho_uf,cv_classificacao,1
mafia_office.bronze.ibge_sidra_9471,V,mafia_office.silver.ibge_teletrabalho_uf,cv_classificacao,1
mafia_office.bronze.ibge_sidra_9471,D2C,mafia_office.silver.ibge_teletrabalho_uf,cv_percentual,1
mafia_office.bronze.ibge_sidra_9471,V,mafia_office.silver.ibge_teletrabalho_uf,cv_percentual,1
mafia_office.bronze.ibge_sidra_9471,D2C,mafia_office.silver.ibge_teletrabalho_uf,cv_percentual_sinal,1
mafia_office.bronze.ibge_sidra_9471,V,mafia_office.silver.ibge_teletrabalho_uf,cv_percentual_sinal,1
mafia_office.bronze.ibge_sidra_9471,D2C,mafia_office.silver.ibge_teletrabalho_uf,cv_pessoas,1
mafia_office.bronze.ibge_sidra_9471,V,mafia_office.silver.ibge_teletrabalho_uf,cv_pessoas,1
mafia_office.bronze.ibge_sidra_9471,D2C,mafia_office.silver.ibge_teletrabalho_uf,cv_pessoas_classificacao,1
mafia_office.bronze.ibge_sidra_9471,V,mafia_office.silver.ibge_teletrabalho_uf,cv_pessoas_classificacao,1
mafia_office.bronze.ibge_sidra_9471,D2C,mafia_office.silver.ibge_teletrabalho_uf,cv_pessoas_sinal,1
mafia_office.bronze.ibge_sidra_9471,V,mafia_office.silver.ibge_teletrabalho_uf,cv_pessoas_sinal,1
mafia_office.bronze.ibge_sidra_9471,D4C,mafia_office.silver.ibge_teletrabalho_uf,disponivel_no_nivel,1
mafia_office.bronze.ibge_sidra_9471,NC,mafia_office.silver.ibge_teletrabalho_uf,disponivel_no_nivel,1
mafia_office.bronze.ibge_sidra_9471,D2C,mafia_office.silver.ibge_teletrabalho_uf,estimativa_confiavel,1
mafia_office.bronze.ibge_sidra_9471,V,mafia_office.silver.ibge_teletrabalho_uf,estimativa_confiavel,1
mafia_office.bronze.ibge_sidra_9471,D4N,mafia_office.silver.ibge_teletrabalho_uf,modalidade,1
mafia_office.bronze.ibge_sidra_9471,D4C,mafia_office.silver.ibge_teletrabalho_uf,modalidade_codigo,1
mafia_office.bronze.ibge_sidra_9471,NC,mafia_office.silver.ibge_teletrabalho_uf,nivel_territorial,1
mafia_office.bronze.ibge_sidra_9471,D2C,mafia_office.silver.ibge_teletrabalho_uf,percentual,1
mafia_office.bronze.ibge_sidra_9471,V,mafia_office.silver.ibge_teletrabalho_uf,percentual,1
mafia_office.bronze.ibge_sidra_9471,D2C,mafia_office.silver.ibge_teletrabalho_uf,percentual_sinal,1
mafia_office.bronze.ibge_sidra_9471,V,mafia_office.silver.ibge_teletrabalho_uf,percentual_sinal,1
mafia_office.bronze.ibge_sidra_9471,D2C,mafia_office.silver.ibge_teletrabalho_uf,pessoas_mil,1
mafia_office.bronze.ibge_sidra_9471,V,mafia_office.silver.ibge_teletrabalho_uf,pessoas_mil,1
mafia_office.bronze.ibge_sidra_9471,D2C,mafia_office.silver.ibge_teletrabalho_uf,pessoas_mil_sinal,1
mafia_office.bronze.ibge_sidra_9471,V,mafia_office.silver.ibge_teletrabalho_uf,pessoas_mil_sinal,1
mafia_office.bronze.ibge_sidra_9471,D1C,mafia_office.silver.ibge_teletrabalho_uf,uf_codigo,1
mafia_office.bronze.ibge_sidra_9471,D1N,mafia_office.silver.ibge_teletrabalho_uf,uf_nome,1
mafia_office.bronze.so_esquema,question,mafia_office.silver.so_metadados_pergunta,presente_na_safra,1
mafia_office.bronze.so_esquema,qname,mafia_office.silver.so_metadados_pergunta,qname,1
mafia_office.bronze.so_esquema,question,mafia_office.silver.so_metadados_pergunta,texto_pergunta,1
mafia_office.bronze.so_esquema,type,mafia_office.silver.so_metadados_pergunta,tipo,1
mafia_office.bronze.so_pesquisa_2022,_ingerido_em,mafia_office.silver.so_respondente,_ingerido_em,1
mafia_office.bronze.so_pesquisa_2023,_ingerido_em,mafia_office.silver.so_respondente,_ingerido_em,1
mafia_office.bronze.so_pesquisa_2024,_ingerido_em,mafia_office.silver.so_respondente,_ingerido_em,1
mafia_office.bronze.so_pesquisa_2025,_ingerido_em,mafia_office.silver.so_respondente,_ingerido_em,1
mafia_office.bronze.so_pesquisa_2022,YearsCode,mafia_office.silver.so_respondente,anos_codando,1
mafia_office.bronze.so_pesquisa_2023,YearsCode,mafia_office.silver.so_respondente,anos_codando,1
mafia_office.bronze.so_pesquisa_2024,YearsCode,mafia_office.silver.so_respondente,anos_codando,1
mafia_office.bronze.so_pesquisa_2025,YearsCode,mafia_office.silver.so_respondente,anos_codando,1
mafia_office.bronze.so_pesquisa_2022,RemoteWork,mafia_office.silver.so_respondente,arranjo_trabalho_origem,1
mafia_office.bronze.so_pesquisa_2023,RemoteWork,mafia_office.silver.so_respondente,arranjo_trabalho_origem,1
mafia_office.bronze.so_pesquisa_2024,RemoteWork,mafia_office.silver.so_respondente,arranjo_trabalho_origem,1
mafia_office.bronze.so_pesquisa_2025,RemoteWork,mafia_office.silver.so_respondente,arranjo_trabalho_origem,1
mafia_office.bronze.so_pesquisa_2022,Employment,mafia_office.silver.so_respondente,autonomo,1
mafia_office.bronze.so_pesquisa_2023,Employment,mafia_office.silver.so_respondente,autonomo,1
mafia_office.bronze.so_pesquisa_2024,Employment,mafia_office.silver.so_respondente,autonomo,1
mafia_office.bronze.so_pesquisa_2025,Employment,mafia_office.silver.so_respondente,autonomo,1
mafia_office.bronze.so_pesquisa_2022,Country,mafia_office.silver.so_respondente,e_brasil,1
mafia_office.bronze.so_pesquisa_2023,Country,mafia_office.silver.so_respondente,e_brasil,1
mafia_office.bronze.so_pesquisa_2024,Country,mafia_office.silver.so_respondente,e_brasil,1
mafia_office.bronze.so_pesquisa_2025,Country,mafia_office.silver.so_respondente,e_brasil,1
mafia_office.bronze.so_pesquisa_2022,MainBranch,mafia_office.silver.so_respondente,e_profissional,1
mafia_office.bronze.so_pesquisa_2023,MainBranch,mafia_office.silver.so_respondente,e_profissional,1
mafia_office.bronze.so_pesquisa_2024,MainBranch,mafia_office.silver.so_respondente,e_profissional,1
mafia_office.bronze.so_pesquisa_2025,MainBranch,mafia_office.silver.so_respondente,e_profissional,1
mafia_office.bronze.so_pesquisa_2022,Employment,mafia_office.silver.so_respondente,empregado,1
mafia_office.bronze.so_pesquisa_2023,Employment,mafia_office.silver.so_respondente,empregado,1
mafia_office.bronze.so_pesquisa_2024,Employment,mafia_office.silver.so_respondente,empregado,1
mafia_office.bronze.so_pesquisa_2025,Employment,mafia_office.silver.so_respondente,empregado,1
mafia_office.bronze.so_pesquisa_2022,YearsCode,mafia_office.silver.so_respondente,faixa_experiencia,1
mafia_office.bronze.so_pesquisa_2023,YearsCode,mafia_office.silver.so_respondente,faixa_experiencia,1
mafia_office.bronze.so_pesquisa_2024,YearsCode,mafia_office.silver.so_respondente,faixa_experiencia,1
mafia_office.bronze.so_pesquisa_2025,YearsCode,mafia_office.silver.so_respondente,faixa_experiencia,1
mafia_office.bronze.so_pesquisa_2022,Country,mafia_office.silver.so_respondente,pais,1
mafia_office.bronze.so_pesquisa_2023,Country,mafia_office.silver.so_respondente,pais,1
mafia_office.bronze.so_pesquisa_2024,Country,mafia_office.silver.so_respondente,pais,1
mafia_office.bronze.so_pesquisa_2025,Country,mafia_office.silver.so_respondente,pais,1
mafia_office.bronze.so_pesquisa_2022,DevType,mafia_office.silver.so_respondente,perfil_principal,1
mafia_office.bronze.so_pesquisa_2023,DevType,mafia_office.silver.so_respondente,perfil_principal,1
mafia_office.bronze.so_pesquisa_2024,DevType,mafia_office.silver.so_respondente,perfil_principal,1
mafia_office.bronze.so_pesquisa_2025,DevType,mafia_office.silver.so_respondente,perfil_principal,1
mafia_office.bronze.so_pesquisa_2022,OrgSize,mafia_office.silver.so_respondente,porte_empresa,1
mafia_office.bronze.so_pesquisa_2023,OrgSize,mafia_office.silver.so_respondente,porte_empresa,1
mafia_office.bronze.so_pesquisa_2024,OrgSize,mafia_office.silver.so_respondente,porte_empresa,1
mafia_office.bronze.so_pesquisa_2025,OrgSize,mafia_office.silver.so_respondente,porte_empresa,1
mafia_office.bronze.so_pesquisa_2022,OrgSize,mafia_office.silver.so_respondente,porte_empresa_origem,1
mafia_office.bronze.so_pesquisa_2023,OrgSize,mafia_office.silver.so_respondente,porte_empresa_origem,1
mafia_office.bronze.so_pesquisa_2024,OrgSize,mafia_office.silver.so_respondente,porte_empresa_origem,1
mafia_office.bronze.so_pesquisa_2025,OrgSize,mafia_office.silver.so_respondente,porte_empresa_origem,1
mafia_office.bronze.so_pesquisa_2022,OrgSize,mafia_office.silver.so_respondente,porte_ordem,1
mafia_office.bronze.so_pesquisa_2023,OrgSize,mafia_office.silver.so_respondente,porte_ordem,1
mafia_office.bronze.so_pesquisa_2024,OrgSize,mafia_office.silver.so_respondente,porte_ordem,1
mafia_office.bronze.so_pesquisa_2025,OrgSize,mafia_office.silver.so_respondente,porte_ordem,1
mafia_office.bronze.so_pesquisa_2022,ConvertedCompYearly,mafia_office.silver.so_respondente,remuneracao_outlier,1
mafia_office.bronze.so_pesquisa_2023,ConvertedCompYearly,mafia_office.silver.so_respondente,remuneracao_outlier,1
mafia_office.bronze.so_pesquisa_2024,ConvertedCompYearly,mafia_office.silver.so_respondente,remuneracao_outlier,1
mafia_office.bronze.so_pesquisa_2025,ConvertedCompYearly,mafia_office.silver.so_respondente,remuneracao_outlier,1
mafia_office.bronze.so_pesquisa_2022,ConvertedCompYearly,mafia_office.silver.so_respondente,remuneracao_usd,1
mafia_office.bronze.so_pesquisa_2023,ConvertedCompYearly,mafia_office.silver.so_respondente,remuneracao_usd,1
mafia_office.bronze.so_pesquisa_2024,ConvertedCompYearly,mafia_office.silver.so_respondente,remuneracao_usd,1
mafia_office.bronze.so_pesquisa_2025,ConvertedCompYearly,mafia_office.silver.so_respondente,remuneracao_usd,1
mafia_office.bronze.so_pesquisa_2022,ResponseId,mafia_office.silver.so_respondente,resposta_id,1
mafia_office.bronze.so_pesquisa_2023,ResponseId,mafia_office.silver.so_respondente,resposta_id,1
mafia_office.bronze.so_pesquisa_2024,ResponseId,mafia_office.silver.so_respondente,resposta_id,1
mafia_office.bronze.so_pesquisa_2025,ResponseId,mafia_office.silver.so_respondente,resposta_id,1
mafia_office.bronze.so_pesquisa_2024,JobSat,mafia_office.silver.so_respondente,satisfacao_trabalho,1
mafia_office.bronze.so_pesquisa_2025,JobSat,mafia_office.silver.so_respondente,satisfacao_trabalho,1
mafia_office.bronze.so_pesquisa_2022,Employment,mafia_office.silver.so_respondente,trabalhando,1
mafia_office.bronze.so_pesquisa_2023,Employment,mafia_office.silver.so_respondente,trabalhando,1
mafia_office.bronze.so_pesquisa_2024,Employment,mafia_office.silver.so_respondente,trabalhando,1
mafia_office.bronze.so_pesquisa_2025,Employment,mafia_office.silver.so_respondente,trabalhando,1
