verificacao_id,camada,tabela,atributo,dimensao_qualidade,dimensao_dama,resultado,valor_medido,linhas_afetadas,classificacao,tipo_regra,severidade,tratamento,executado_em
C01,silver,silver.so_respondente,RemoteWork,Completude,Completude,aprovado,"medido: (preenchidos, % nulo) por safra {2022: (58958, 19.5), 2023: (73810, 17.2), 2024: (54806, 16.2), 2025: (33780, 31.3)}; informados nas quatro safras 221354 | esperado: preenchidos {2022: 58958, 2023: 73810, 2024: 54806, 2025: 33780}; % nulo {2022: 19.5, 2023: 17.2, 2024: 16.2, 2025: 31.3}; informados nas quatro safras 221354",55726,problema_real,retrato_da_extracao,alta,"Categoria Não informado, excluída dos percentuais. O salto de 2025 é achado, não erro.",2026-09-27T18:41:49.446Z
C02,silver,silver.so_respondente,RemoteWork (base: quem trabalha),Completude,Completude,medido,"medido: {2022: {'% nulo no total': 19.5, '% nulo entre quem trabalha': 0.1, '% nulo entre quem não trabalha': 100.0, 'empregados': 52834, 'autônomos (marcaram a opção)': 10721, 'profissionais': 53507}, 2023: {'% nulo no total': 17.2, '% nulo entre quem trabalha': 0.0, '% nulo entre quem não trabalha': 100.0, 'empregados': 65418, 'autônomos (marcaram a opção)': 13988, 'profissionais': 67237}, 2024: {'% nulo no total': 16.2, '% nulo entre quem trabalha': 0.1, '% nulo entre quem não trabalha': 100.0, 'empregados': 48801, 'autônomos (marcaram a opção)': 10726, 'profissionais': 50207}, 2025: {'% nulo no total': 31.3, '% nulo entre quem trabalha': 19.8, '% nulo entre quem não trabalha': 84.8, 'empregados': 33750, 'autônomos (marcaram a opção)': 6708, 'profissionais': 37467}} | esperado: % nulo entre quem trabalha até 1.0 nas safras fora de [2025]; empregados, autônomos e profissionais > 0",8113,problema_real,regra,alta,"Análises de arranjo usam a base trabalhando (empregado ou autônomo). De 2022 a 2024 o nulo é quase todo de quem não trabalha (não aplicabilidade). Em 2025 parte relevante de quem trabalha não informou o arranjo: não resposta real, de direção desconhecida, que limita a leitura da Q1 e da Q3 em 2025.",2026-09-27T18:41:49.446Z
C03,silver,silver.so_respondente + silver.so_metadados_pergunta,JobSat,Completude,Completude,aprovado,"medido: coluna presente {2022: False, 2023: False, 2024: True, 2025: True}; % nulo na Silver {2022: 100.0, 2023: 100.0, 2024: 55.5, 2025: 45.8}; safras com a pergunta no schema [2024, 2025]; textos distintos 1 | esperado: ausente e 100% nulo em 2022 e 2023; presente em 2024 e 2025 com o mesmo texto de pergunta",58832,problema_real,regra,média,"Q5 restrita a 2024 e 2025, limite declarado. Nulo de 2022 e 2023 é estrutural; o de 2024 e 2025 é não resposta.",2026-09-27T18:41:49.446Z
C04,bronze,bronze.so_pesquisa_{safra},YearsCodePro,Completude,Completude,aprovado,"medido: coluna presente {2022: True, 2023: True, 2024: True, 2025: False} | esperado: presente em 2022 a 2024; ausente em 2025",,problema_real,regra,baixa,"Fora do núcleo harmonizado. anos_codando usa YearsCode, presente nas quatro safras.",2026-09-27T18:41:49.446Z
C05,silver,silver.so_respondente + silver.so_metadados_pergunta,RemoteWork,Consistência,Consistência,aprovado,"medido: safras com a pergunta no schema [2022, 2023, 2024, 2025]; textos distintos 1; igual ao texto de referência True; opções iguais às esperadas True | esperado: um único texto ('Which best describes your current work situation?'); opções {safra: conjunto} conforme de-para",,problema_real,regra,alta,"Crosswalk por safra (docs/mapa-de-para-arranjo.csv), arranjo_trabalho_origem preservado e flag comparavel_serie.",2026-09-27T18:41:49.446Z
C06,silver,silver.so_respondente,OrgSize,Consistência,Consistência,aprovado,"medido: categorias por safra {2022: 10, 2023: 10, 2024: 10, 2025: 9}; rótulos sem mapeamento 0 | esperado: categorias {2022: 10, 2023: 10, 2024: 10, 2025: 9}; rótulos sem mapeamento 0",0,problema_real,regra,média,Faixa canônica Menos de 20 funde 2 to 9 e 10 to 19 (2022 a 2024) com Less than 20 (2025).,2026-09-27T18:41:49.446Z
C07,bronze,bronze.so_pesquisa_{safra} → silver.so_respondente,OrgSize (encoding),Consistência,Consistência,aprovado,"medido: linhas com U+2019 na Bronze {2022: 1006, 2023: 1243, 2024: 1068, 2025: 932}; Não sabe na Silver {2022: 1006, 2023: 1243, 2024: 1068, 2025: 932}; U+2019 restante na Silver 0 | esperado: toda linha com U+2019 vira Não sabe; nenhum U+2019 na Silver",4249,problema_real,regra,média,Normalização Unicode na entrada da Silver (U+2018 e U+2019 para apóstrofo ASCII).,2026-09-27T18:41:49.446Z
C08,bronze,bronze.so_pesquisa_{safra},Currency,Consistência,Validade,aprovado,"medido: % com TAB por safra {2022: 75.0, 2023: 72.7, 2024: 72.4, 2025: 24.7}; contagens {2022: {'preenchidos': 51264, 'com_tab': 38461, 'fora_regex': 1}, 2023: {'preenchidos': 65334, 'com_tab': 47490, 'fora_regex': 2}, 2024: {'preenchidos': 46684, 'com_tab': 33810, 'fora_regex': 3}, 2025: {'preenchidos': 35437, 'com_tab': 8766, 'fora_regex': 3}}; safras sem a coluna []; valores fora da regex 9 (exemplos ['none\tCook Islands dollar', 'none\tFaroese krona']) | esperado: 72.4% com TAB em 2024, sobre Currency preenchido",70192,problema_real,retrato_da_extracao,baixa,"Regex tolerante ^([A-Z]{3})[\s\t]+(.*)$, nunca split por TAB. Valores fora da regex (código de moeda 'none' em minúsculas) ficam registrados; Currency não entra na Silver porque ConvertedCompYearly já vem em USD.",2026-09-27T18:41:49.446Z
C09,silver,silver.so_respondente,ResponseId,Unicidade,Unicidade,aprovado,medido: repetidos dentro da safra 0; resposta_id presentes em mais de uma safra 73268 | esperado: 0 repetidos dentro da safra; colisões entre safras maior que 0 (prova de que a chave precisa da safra),73268,problema_real,regra,alta,"Chave composta (safra, resposta_id) na Silver e na Gold.",2026-09-27T18:41:49.446Z
C10,bronze,"bronze.ibge_sidra_9471, bronze.ibge_sidra_5434",território × classificação × período × variável,Unicidade,Unicidade,aprovado,"medido: combinações repetidas {'9471': 0, '5434': 0} | esperado: 0 em cada tabela",0,guarda_defensiva,regra,média,"Nenhum: a API devolve uma célula por combinação. A verificação protege o pivot da Silver, que usa first().",2026-09-27T18:41:49.446Z
C11,silver,silver.so_respondente,ConvertedCompYearly (2024),Acurácia,Validade,aprovado,"medido: mínimo 1.0, máximo 16256603.0, mediana 65000.0, média 86155.29 | esperado: {'minimo': 1.0, 'maximo': 16256603.0, 'mediana': 65000.0, 'media': 86155.0} (média com tolerância de 1 USD por arredondamento)",586,problema_real,retrato_da_extracao,alta,"Marcar fora de [1.000; 1.000.000] em remuneracao_outlier, sem apagar. Mediana sempre, nunca média. Dimensão DAMA é Validade: a pesquisa não tem referência externa, então acurácia não é mensurável.",2026-09-27T18:41:49.446Z
C12,silver,silver.so_respondente,Country = Brazil,Acurácia,Não se aplica (limite amostral),aprovado,"medido: n por safra {2022: 2109, 2023: 2042, 2024: 1375, 2025: 825}; com arranjo informado em 2025 649 | esperado: n {2022: 2109, 2023: 2042, 2024: 1375, 2025: 825}; com arranjo em 2025 649",649,problema_real,retrato_da_extracao,alta,"Q3 só no agregado nacional; n visível em toda tabela e gráfico; nunca desagregar o Brasil por UF, porte ou perfil.",2026-09-27T18:41:49.446Z
C13,silver,silver.ibge_teletrabalho_uf,"cv_percentual, cv_pessoas",Acurácia,Não se aplica (precisão amostral),medido,"medido: linhas UF por faixa {'cv_classificacao': {'Razoável': 9, 'Exata': 27, 'Boa': 62, 'Ótima': 10}, 'cv_pessoas_classificacao': {'Razoável': 9, 'Ótima': 36, 'Boa': 63}}; CV do percentual de 0.0 a 21.4; CV de pessoas de 0.7 a 21.7 | esperado: sem valor fixado; UFs pequenas com CV mais alto; CV em %",9,problema_real,regra,alta,"Faixas de CV adotadas no projeto, sobre o CV publicado pelo IBGE (convenção, não norma do IBGE). Razoável aparece com ressalva; Pouco precisa e Imprecisa não sustentam conclusão. CV mede precisão amostral (variância), não viés contra referência.",2026-09-27T18:41:49.446Z
C14,silver,silver.ibge_teletrabalho_uf,pessoas_mil (Brasil),Acurácia,Consistência,aprovado,"medido: {'59803': 96695.0, '59804': 9462.0, '59805': 7399.0} | esperado: {'59803': 96695, '59804': 9462, '59805': 7399} (Total, trabalho remoto, teletrabalho)",,guarda_defensiva,referencia_externa,alta,Linha nacional publicada pela API do SIDRA (medida em 13/09/2026). O notebook 04 é interrompido se a Silver não reproduzir esses valores.,2026-09-27T18:41:49.446Z
C15.1,gold,silver.so_respondente → gold.fato_resposta_pesquisa,"COUNT(*), chave primária e chaves estrangeiras",Integridade,Completude,aprovado,"medido: silver 277080, fato 277080, linhas com alguma FK -1 0, linhas com FK nula 0, linhas com chave primária repetida 0 | esperado: contagens idênticas, 0 FK nula, 0 FK -1 (membro -2 Não informado é permitido) e chave primária única",0,guarda_defensiva,regra,alta,Membros -1 e -2 nas dimensões e LEFT JOIN com COALESCE; chave natural única verificada no notebook 06.,2026-09-27T18:44:22.637Z
C15.2,gold,silver.ibge_teletrabalho_uf → gold.fato_teletrabalho_uf,"COUNT(*), chave primária e chaves estrangeiras",Integridade,Completude,aprovado,"medido: silver 168, fato 168, linhas com alguma FK -1 0, linhas com FK nula 0, linhas com chave primária repetida 0 | esperado: contagens idênticas, 0 FK nula, 0 FK -1 (membro -2 Não informado é permitido) e chave primária única",0,guarda_defensiva,regra,alta,Membros -1 e -2 nas dimensões e LEFT JOIN com COALESCE; chave natural única verificada no notebook 06.,2026-09-27T18:44:22.637Z
C15.3,gold,silver.ibge_ocupados_uf_atividade → gold.fato_ocupacao_uf_atividade,"COUNT(*), chave primária e chaves estrangeiras",Integridade,Completude,aprovado,"medido: silver 20358, fato 20358, linhas com alguma FK -1 0, linhas com FK nula 0, linhas com chave primária repetida 0 | esperado: contagens idênticas, 0 FK nula, 0 FK -1 (membro -2 Não informado é permitido) e chave primária única",0,guarda_defensiva,regra,alta,Membros -1 e -2 nas dimensões e LEFT JOIN com COALESCE; chave natural única verificada no notebook 06.,2026-09-27T18:44:22.637Z
C16,bronze,bronze.so_pesquisa_2025,linhas do results.csv,Integridade,Consistência,medido,medido: 49191 linhas no CSV; diferença para o publicado 182 | esperado: 49191 no CSV × 49009 respostas publicadas (diferença 182),182,problema_real,referencia_externa,baixa,A metodologia de 2025 registra 49.009 respostas qualificadas e não explica a diferença para as linhas do CSV (docs/referencias.md §6.2). O pipeline usa as linhas do CSV e declara a diferença.,2026-09-27T18:41:49.446Z
C17,silver,silver.so_respondente,arranjo_trabalho,Validade,Validade,aprovado,"medido: 0 linhas fora do domínio | esperado: 0; domínio ['Remoto', 'Híbrido', 'Presencial', 'Flexível', 'Não informado']",0,guarda_defensiva,regra,alta,O JOIN com o de-para interrompe o notebook 03 antes de chegar aqui.,2026-09-27T18:41:49.446Z
C18,silver,"silver.ibge_teletrabalho_uf, silver.ibge_ocupados_uf_atividade","percentual, cv_percentual, cv_pessoas, pessoas_mil",Validade,Validade,aprovado,"medido: fora de faixa 0; pessoas negativas 0; símbolos na Bronze por tabela {'9471': {'-': 28}, '5434': {'-': 909}} | esperado: 0 fora de faixa; 0 negativos; símbolos sem valor fixado",0,guarda_defensiva,regra,média,"Sinais convencionais do IBGE (Normas de apresentação tabular): - vira 0; .., ... e x viram nulo com o sinal preservado em <medida>_sinal; qualquer outro texto interrompe o notebook 04.",2026-09-27T18:41:49.446Z
C19,silver,silver.so_respondente,remuneracao_usd,Outliers,Validade,medido,"medido: {2022: {'n': 38071, 'abaixo': 337, 'acima': 865, 'p50': 67845.0, 'p99': 2161310.4000000125}, 2023: {'n': 48019, 'abaixo': 684, 'acima': 60, 'p50': 74963.0, 'p99': 400000.0}, 2024: {'n': 23435, 'abaixo': 545, 'acima': 41, 'p50': 65000.0, 'p99': 393751.0599999984}, 2025: {'n': 23947, 'abaixo': 724, 'acima': 46, 'p50': 75320.0, 'p99': 440856.0}} | esperado: sem valor fixado; cauda extrema à direita",3302,problema_real,regra,média,"Corte documentado [1.000; 1.000.000] USD, marcado e não removido. Boxplot por safra no notebook 08. Valores em câmbio da safra: não comparar entre anos sem ressalva.",2026-09-27T18:41:49.446Z
C20,silver,silver.so_respondente,anos_codando,Outliers,Validade,aprovado,"medido: censurados por safra {2022: {'menos_de_1': 1413, 'mais_de_50_texto': 172, 'acima_de_50_numerico': 0}, 2023: {'menos_de_1': 968, 'mais_de_50_texto': 353, 'acima_de_50_numerico': 0}, 2024: {'menos_de_1': 569, 'mais_de_50_texto': 254, 'acima_de_50_numerico': 0}, 2025: {'menos_de_1': 0, 'mais_de_50_texto': 0, 'acima_de_50_numerico': 248}}; preenchidos na Bronze sem conversão válida 0; nulos na Silver 15403 | esperado: todo YearsCode preenchido convertido para 0 a 50",3977,problema_real,regra,baixa,Less than 1 year → 0; More than 50 years (2022 a 2024) e valores numéricos acima de 50 (2025) → 50. Valores censurados: estatísticas de anos subestimam a cauda superior.,2026-09-27T18:41:49.446Z
C21,bronze,"bronze.ibge_sidra_9471, bronze.ibge_sidra_5434",d[0],Estrutural,Validade,aprovado,"medido: registros de cabeçalho não numéricos {'9471': 1, '5434': 1}; Silver 5434 = Bronze menos 1: True | esperado: 1 cabeçalho por tabela na Bronze; ausente na Silver",2,problema_real,regra,média,Cabeçalho preservado na Bronze (_ordem_registro = 0) e descartado na Silver.,2026-09-27T18:41:49.446Z
C22,silver,"silver.so_respondente, silver.ibge_teletrabalho_uf, silver.ibge_ocupados_uf_atividade",período de referência,Tempestividade,Tempestividade,registrado,"medido: última safra da pesquisa 2025; teletrabalho IBGE 2022 (4º trimestre); último trimestre da 5434 202602; defasagem pesquisa × teletrabalho 3 anos | esperado: teletrabalho só em 2022, sem série; pesquisa até 2025",,problema_real,regra,média,"Q8 declara que aplica taxa de 2022 a ocupação de 2022T4; tendência posterior vem só da pesquisa, que não é probabilística.",2026-09-27T18:41:49.446Z
C23,silver,silver.ibge_teletrabalho_uf,pessoas_mil por modalidade (c1675),Consistência,Consistência,aprovado,medido: identidade 59806+59807-59808-59805 no Brasil: desvio 0.0; violações de 59805 <= 59804 <= 59803 em 28 territórios: 0 | esperado: desvio <= 2.0 mil (arredondamento) e 0 violações de ordem,0,problema_real,regra,alta,Modalidades não se somam: views filtram um código por vez; dim_modalidade_ibge declara a hierarquia. A identidade por UF não é verificada porque 59807 e 59808 não estão disponíveis por UF segundo o IBGE (C28).,2026-09-27T18:41:49.446Z
C24,silver,silver.ibge_ocupados_uf_atividade,pessoas_mil por grupamento (c888),Consistência,Consistência,aprovado,medido: 1566 combinações UF × trimestre; maior desvio entre Total e soma do primeiro nível 4.0; transformação maior que indústria geral 0 | esperado: desvio <= 5.5 mil (arredondamento) e 0 violações,0,problema_real,regra,alta,Grupamentos não se somam livremente: Total e Indústria de transformação ficam fora de qualquer soma; dim_atividade_economica marca e_total e e_subgrupamento.,2026-09-27T18:41:49.446Z
C25,silver,silver.ibge_teletrabalho_uf × silver.ibge_ocupados_uf_atividade,total de ocupados em 2022T4,Consistência,Consistência,medido,medido: 9471 (Brasil) 96695.0 mil; 5434 (soma das UFs) 97516.0 mil; diferença 821.0 mil (0.85%) | esperado: sem valor fixado; as tabelas vêm de divulgações diferentes da PNAD Contínua,,problema_real,regra,média,"A nota da 9471 exclui as pessoas ocupadas afastadas do trabalho e a 5434 foi reponderada em 2025 (Nota Técnica 02/2025), ambas registradas no SIDRA (docs/referencias.md §6.8); a diferença é compatível com isso, sem decomposição medida. A Q8 aplica razões entre tabelas, nunca soma níveis.",2026-09-27T18:41:49.446Z
C26,silver,silver.so_respondente × bronze.so_pesquisa_2025,RemoteWork 2025 (estrutura do nulo),Completude,Completude,medido,"medido: {'trabalhando': 40458, 'nulos': 8005, '% nulo entre empregados': 10.7, '% nulo entre autônomos sem vínculo de empregado': 65.3, 'nulos com OrgSize e ICorPM também vazios': 7605, 'desses, com resposta a pergunta de outro tema': 3718, 'empregados': 33750, 'nulos_empregados': 3624, 'autônomos': 6708, 'nulos_autônomos': 4381} | esperado: sem valor fixado; descreve a estrutura da não resposta medida no C02",8005,problema_real,regra,alta,"Leitura na view gold.vw_q1_remoto_por_vinculo: série por vínculo nas duas classificações de quem marcou empregado e autônomo, padronizada pela composição de 2024 e com limites para os nulos. O dado não mostra a lógica de exibição do questionário de 2025.",2026-09-27T18:41:49.446Z
C27,silver,"silver.ibge_teletrabalho_uf, silver.ibge_ocupados_uf_atividade",sinal x (sigilo),Completude,Completude,aprovado,"medido: células com x por tabela {'9471': 0, '5434': 0}; células com x e valor preenchido 0; sinais presentes por coluna {'9471': {'pessoas_mil_sinal': {}, 'cv_pessoas_sinal': {}, 'percentual_sinal': {}, 'cv_percentual_sinal': {'-': 28}}, '5434': {'-': 909}} | esperado: toda célula com x tem o valor nulo (0 células com x e valor preenchido)",0,guarda_defensiva,regra,média,"Célula com x fica com valor nulo e sinal x; nenhuma view consome as colunas de sinal, e agregações ignoram o nulo.",2026-09-27T18:41:49.446Z
C28,silver,silver.ibge_teletrabalho_uf,disponivel_no_nivel (59807 e 59808 por UF),Validade,Validade,medido,medido: linhas fora da disponibilidade declarada 54; com valor numérico 54 | esperado: sem valor fixado; o IBGE declara as duas categorias só para Brasil e Grande Região,54,problema_real,regra,média,Linhas mantidas na Silver e na Gold com disponivel_no_nivel = false; a view Q6 e as verificações C13 e C23 as excluem.,2026-09-27T18:41:49.446Z
C29,bronze,bronze.so_pesquisa_2025,hipóteses para a diferença do C16,Integridade,Consistência,medido,"medido: {'linhas sem nenhuma resposta': 0, 'linhas com MainBranch vazio': 0, 'linhas com até três respostas': 878, 'ResponseId repetido': 0}; hipóteses que igualam a diferença de 182: nenhuma | esperado: sem valor fixado; a hipótese que igualar 182 explica a diferença",0,problema_real,regra,baixa,"Contagens registradas. Sem hipótese que iguale a diferença, o pipeline segue usando as linhas do CSV (C16) e a diferença continua declarada sem causa atribuída.",2026-09-27T18:41:49.446Z
C30,silver,silver.so_respondente,perfil_principal (DevType multi-resposta),Completude,Completude,medido,"medido: (informados, com mais de um valor, valores descartados, máximo de valores) por safra {2022: (61302, 37261, 103488, 29), 2023: (76872, 0, 0, 1), 2024: (59445, 0, 0, 1), 2025: (43680, 0, 0, 1)} | esperado: multi-resposta só em 2022; zero respondentes com mais de um valor de 2023 a 2025",37261,problema_real,regra,média,A Q4 usa o primeiro valor listado em 2022 e declara que perfis de 2022 não se comparam aos das safras seguintes. A alternativa registrada é uma tabela ponte para 2022 (docs/referencias.md §2.2).,2026-09-27T18:41:49.446Z
