arquivo,bytes
pouso/exportacao/catalogo-bronze.md,374801
pouso/exportacao/catalogo-de-dados.md,82532
pouso/exportacao/dominios-captura.json,1717905
pouso/exportacao/evidencias-execucao-final.json,2834928
pouso/exportacao/perfil-captura/so_pesquisa_2022.json,199795
pouso/exportacao/perfil-captura/so_pesquisa_2023.json,279001
pouso/exportacao/perfil-captura/so_pesquisa_2024.json,385658
pouso/exportacao/perfil-captura/so_pesquisa_2025.json,678409
pouso/exportacao/qualidade-por-atributo.md,214563
pouso/ibge/sidra_5434.json,8255397
pouso/ibge/sidra_9471.json,263698
pouso/referencia/mapa-de-para-arranjo.csv,1823
pouso/stackoverflow/2022/results.csv,108829270
pouso/stackoverflow/2022/schema.csv,14471
pouso/stackoverflow/2023/results.csv,158626799
pouso/stackoverflow/2023/schema.csv,16442
pouso/stackoverflow/2024/results.csv,159525875
pouso/stackoverflow/2024/schema.csv,12503
pouso/stackoverflow/2025/results.csv,140893245
pouso/stackoverflow/2025/schema.csv,30403
